trial,testing,parameters,initial_deadline,final_deadline,net_reward,actions,success
1,False,"{'a': 0.3, 'e': 0.899}",25,0,-128.23557151192577,"{0: 14, 1: 4, 2: 3, 3: 3, 4: 1}",0
2,False,"{'a': 0.3, 'e': 0.898}",25,8,-90.84782175916752,"{0: 12, 1: 2, 2: 0, 3: 1, 4: 2}",1
3,False,"{'a': 0.3, 'e': 0.897}",35,0,-310.36154108468025,"{0: 17, 1: 3, 2: 8, 3: 2, 4: 5}",0
4,False,"{'a': 0.3, 'e': 0.896}",20,0,-194.92989769018635,"{0: 8, 1: 3, 2: 5, 3: 1, 4: 3}",0
5,False,"{'a': 0.3, 'e': 0.895}",20,0,-66.14597268143193,"{0: 14, 1: 2, 2: 3, 3: 0, 4: 1}",0
6,False,"{'a': 0.3, 'e': 0.894}",20,0,-115.75221626225945,"{0: 12, 1: 2, 2: 4, 3: 0, 4: 2}",0
7,False,"{'a': 0.3, 'e': 0.893}",20,0,-201.8029915156407,"{0: 9, 1: 0, 2: 7, 3: 1, 4: 3}",0
8,False,"{'a': 0.3, 'e': 0.892}",25,0,-70.48623647716349,"{0: 18, 1: 1, 2: 5, 3: 0, 4: 1}",0
9,False,"{'a': 0.3, 'e': 0.891}",20,0,-99.43511483362464,"{0: 13, 1: 0, 2: 5, 3: 1, 4: 1}",0
10,False,"{'a': 0.3, 'e': 0.89}",20,0,-84.57087746793218,"{0: 12, 1: 2, 2: 5, 3: 0, 4: 1}",0
11,False,"{'a': 0.3, 'e': 0.889}",20,0,-17.699325954474418,"{0: 16, 1: 1, 2: 3, 3: 0, 4: 0}",0
12,False,"{'a': 0.3, 'e': 0.888}",25,0,-127.64726993144053,"{0: 15, 1: 1, 2: 6, 3: 2, 4: 1}",0
13,False,"{'a': 0.3, 'e': 0.887}",25,0,-68.753225167813,"{0: 17, 1: 4, 2: 3, 3: 0, 4: 1}",0
14,False,"{'a': 0.3, 'e': 0.886}",30,0,-201.09814278828304,"{0: 15, 1: 3, 2: 8, 3: 2, 4: 2}",0
15,False,"{'a': 0.3, 'e': 0.885}",25,0,-50.12617758744078,"{0: 17, 1: 2, 2: 6, 3: 0, 4: 0}",0
16,False,"{'a': 0.3, 'e': 0.884}",25,0,-111.83115247625199,"{0: 14, 1: 0, 2: 10, 3: 1, 4: 0}",0
17,False,"{'a': 0.3, 'e': 0.883}",25,5,-183.6679998640695,"{0: 11, 1: 2, 2: 3, 3: 0, 4: 4}",1
18,False,"{'a': 0.3, 'e': 0.882}",25,0,-151.18372099632572,"{0: 14, 1: 3, 2: 5, 3: 1, 4: 2}",0
19,False,"{'a': 0.3, 'e': 0.881}",30,0,-114.16257549728628,"{0: 22, 1: 1, 2: 5, 3: 0, 4: 2}",0
20,False,"{'a': 0.3, 'e': 0.88}",20,0,-25.110475686195116,"{0: 16, 1: 0, 2: 4, 3: 0, 4: 0}",0
21,False,"{'a': 0.3, 'e': 0.879}",20,0,-129.43175131852976,"{0: 11, 1: 3, 2: 3, 3: 1, 4: 2}",0
22,False,"{'a': 0.3, 'e': 0.878}",20,0,-32.31996292841444,"{0: 13, 1: 3, 2: 4, 3: 0, 4: 0}",0
23,False,"{'a': 0.3, 'e': 0.877}",20,0,-1.2056023855724913,"{0: 17, 1: 2, 2: 1, 3: 0, 4: 0}",0
24,False,"{'a': 0.3, 'e': 0.876}",20,0,-36.254783668724734,"{0: 15, 1: 1, 2: 3, 3: 1, 4: 0}",0
25,False,"{'a': 0.3, 'e': 0.875}",20,0,-69.70927461148143,"{0: 14, 1: 1, 2: 4, 3: 0, 4: 1}",0
26,False,"{'a': 0.3, 'e': 0.874}",20,5,-58.63737851366123,"{0: 11, 1: 1, 2: 1, 3: 1, 4: 1}",1
27,False,"{'a': 0.3, 'e': 0.873}",30,18,6.880037164768449,"{0: 11, 1: 0, 2: 1, 3: 0, 4: 0}",1
28,False,"{'a': 0.3, 'e': 0.872}",20,0,-102.4786014562903,"{0: 11, 1: 0, 2: 8, 3: 0, 4: 1}",0
29,False,"{'a': 0.3, 'e': 0.871}",20,0,-58.89676668093725,"{0: 15, 1: 0, 2: 4, 3: 0, 4: 1}",0
30,False,"{'a': 0.3, 'e': 0.87}",20,0,-84.92204977634788,"{0: 14, 1: 2, 2: 2, 3: 0, 4: 2}",0
31,False,"{'a': 0.3, 'e': 0.869}",25,0,-141.15997670429087,"{0: 15, 1: 1, 2: 7, 3: 0, 4: 2}",0
32,False,"{'a': 0.3, 'e': 0.868}",20,0,-137.3534990247385,"{0: 11, 1: 1, 2: 5, 3: 1, 4: 2}",0
33,False,"{'a': 0.3, 'e': 0.867}",20,15,9.83481084523001,"{0: 5, 1: 0, 2: 0, 3: 0, 4: 0}",1
34,False,"{'a': 0.3, 'e': 0.866}",25,0,-66.68504225628641,"{0: 19, 1: 0, 2: 5, 3: 0, 4: 1}",0
35,False,"{'a': 0.3, 'e': 0.865}",20,0,-96.00230469895126,"{0: 14, 1: 2, 2: 2, 3: 0, 4: 2}",0
36,False,"{'a': 0.3, 'e': 0.864}",20,0,-58.90302649460964,"{0: 15, 1: 1, 2: 3, 3: 0, 4: 1}",0
37,False,"{'a': 0.3, 'e': 0.863}",20,3,16.049270735213952,"{0: 16, 1: 0, 2: 1, 3: 0, 4: 0}",1
38,False,"{'a': 0.3, 'e': 0.862}",25,15,-81.0196939305715,"{0: 7, 1: 0, 2: 1, 3: 0, 4: 2}",1
39,False,"{'a': 0.3, 'e': 0.861}",30,1,-174.11463526856738,"{0: 20, 1: 2, 2: 1, 3: 3, 4: 3}",1
40,False,"{'a': 0.3, 'e': 0.86}",20,0,-17.937204278785853,"{0: 16, 1: 1, 2: 3, 3: 0, 4: 0}",0
41,False,"{'a': 0.3, 'e': 0.859}",30,0,-196.62049596658977,"{0: 16, 1: 2, 2: 9, 3: 0, 4: 3}",0
42,False,"{'a': 0.3, 'e': 0.858}",30,0,-216.05310428908058,"{0: 17, 1: 2, 2: 7, 3: 0, 4: 4}",0
43,False,"{'a': 0.3, 'e': 0.857}",20,0,-175.13981141047634,"{0: 9, 1: 0, 2: 8, 3: 1, 4: 2}",0
44,False,"{'a': 0.3, 'e': 0.856}",20,0,-106.15352795179966,"{0: 14, 1: 0, 2: 2, 3: 3, 4: 1}",0
45,False,"{'a': 0.3, 'e': 0.855}",25,0,-102.86663615715037,"{0: 17, 1: 3, 2: 3, 3: 0, 4: 2}",0
46,False,"{'a': 0.3, 'e': 0.854}",30,6,-119.12591695499894,"{0: 16, 1: 0, 2: 6, 3: 0, 4: 2}",1
47,False,"{'a': 0.3, 'e': 0.853}",30,0,-206.9128152413332,"{0: 14, 1: 5, 2: 6, 3: 3, 4: 2}",0
48,False,"{'a': 0.3, 'e': 0.852}",20,15,-12.683525125914155,"{0: 4, 1: 0, 2: 0, 3: 1, 4: 0}",1
49,False,"{'a': 0.3, 'e': 0.851}",20,6,-84.96569265758578,"{0: 9, 1: 0, 2: 2, 3: 2, 4: 1}",1
50,False,"{'a': 0.3, 'e': 0.85}",35,0,8.42240165949186,"{0: 30, 1: 3, 2: 2, 3: 0, 4: 0}",0
51,False,"{'a': 0.3, 'e': 0.849}",25,0,-104.60299505250813,"{0: 16, 1: 3, 2: 3, 3: 2, 4: 1}",0
52,False,"{'a': 0.3, 'e': 0.848}",20,0,-133.69158411198526,"{0: 15, 1: 0, 2: 1, 3: 1, 4: 3}",0
53,False,"{'a': 0.3, 'e': 0.847}",20,6,-39.910230515552655,"{0: 11, 1: 0, 2: 2, 3: 0, 4: 1}",1
54,False,"{'a': 0.3, 'e': 0.846}",20,0,-37.31058210873552,"{0: 15, 1: 1, 2: 3, 3: 1, 4: 0}",0
55,False,"{'a': 0.3, 'e': 0.845}",30,0,-133.7606275133504,"{0: 20, 1: 4, 2: 3, 3: 1, 4: 2}",0
56,False,"{'a': 0.3, 'e': 0.844}",30,0,-123.18206379117805,"{0: 18, 1: 3, 2: 7, 3: 1, 4: 1}",0
57,False,"{'a': 0.3, 'e': 0.843}",20,0,-189.64496415625754,"{0: 8, 1: 2, 2: 5, 3: 3, 4: 2}",0
58,False,"{'a': 0.3, 'e': 0.842}",20,8,-71.66245266896951,"{0: 9, 1: 1, 2: 0, 3: 0, 4: 2}",1
59,False,"{'a': 0.3, 'e': 0.841}",20,0,-102.47714403278654,"{0: 14, 1: 2, 2: 1, 3: 1, 4: 2}",0
60,False,"{'a': 0.3, 'e': 0.84}",20,0,-131.1972982391204,"{0: 10, 1: 5, 2: 2, 3: 1, 4: 2}",0
61,False,"{'a': 0.3, 'e': 0.839}",20,0,-103.3107536277695,"{0: 12, 1: 2, 2: 3, 3: 2, 4: 1}",0
62,False,"{'a': 0.3, 'e': 0.838}",20,0,-65.50797870277452,"{0: 15, 1: 1, 2: 2, 3: 1, 4: 1}",0
63,False,"{'a': 0.3, 'e': 0.837}",25,0,-64.59475035199183,"{0: 17, 1: 3, 2: 3, 3: 2, 4: 0}",0
64,False,"{'a': 0.3, 'e': 0.836}",20,0,-95.68200700958103,"{0: 13, 1: 0, 2: 5, 3: 1, 4: 1}",0
65,False,"{'a': 0.3, 'e': 0.835}",30,0,-156.92528983273476,"{0: 22, 1: 0, 2: 4, 3: 1, 4: 3}",0
66,False,"{'a': 0.3, 'e': 0.834}",20,0,-238.72380183762567,"{0: 13, 1: 0, 2: 0, 3: 1, 4: 6}",0
67,False,"{'a': 0.3, 'e': 0.833}",20,0,-63.21746021492533,"{0: 14, 1: 1, 2: 4, 3: 0, 4: 1}",1
68,False,"{'a': 0.3, 'e': 0.832}",20,0,-168.37946492777485,"{0: 9, 1: 4, 2: 2, 3: 3, 4: 2}",0
69,False,"{'a': 0.3, 'e': 0.831}",20,0,-90.8463528480058,"{0: 15, 1: 1, 2: 2, 3: 0, 4: 2}",0
70,False,"{'a': 0.3, 'e': 0.83}",20,0,-66.2569140867751,"{0: 13, 1: 2, 2: 3, 3: 2, 4: 0}",0
71,False,"{'a': 0.3, 'e': 0.829}",20,0,-97.16146095062783,"{0: 11, 1: 2, 2: 6, 3: 0, 4: 1}",0
72,False,"{'a': 0.3, 'e': 0.828}",20,0,-147.8909986571356,"{0: 12, 1: 2, 2: 3, 3: 0, 4: 3}",0
73,False,"{'a': 0.3, 'e': 0.827}",20,0,-95.7290146066347,"{0: 15, 1: 2, 2: 0, 3: 1, 4: 2}",0
74,False,"{'a': 0.3, 'e': 0.826}",20,0,-89.813129226273,"{0: 11, 1: 3, 2: 5, 3: 0, 4: 1}",0
75,False,"{'a': 0.3, 'e': 0.825}",20,0,-98.60237651433405,"{0: 11, 1: 2, 2: 6, 3: 0, 4: 1}",0
76,False,"{'a': 0.3, 'e': 0.824}",20,0,-57.42846964442815,"{0: 15, 1: 1, 2: 3, 3: 0, 4: 1}",0
77,False,"{'a': 0.3, 'e': 0.823}",20,0,-129.1546156609461,"{0: 10, 1: 3, 2: 5, 3: 0, 4: 2}",0
78,False,"{'a': 0.3, 'e': 0.822}",20,0,-41.74105323685482,"{0: 12, 1: 4, 2: 4, 3: 0, 4: 0}",1
79,False,"{'a': 0.3, 'e': 0.821}",25,0,-151.27568401743446,"{0: 17, 1: 2, 2: 2, 3: 1, 4: 3}",0
80,False,"{'a': 0.3, 'e': 0.82}",25,12,-26.37985559546718,"{0: 9, 1: 2, 2: 1, 3: 1, 4: 0}",1
81,False,"{'a': 0.3, 'e': 0.819}",20,0,-37.4290086355474,"{0: 15, 1: 1, 2: 3, 3: 1, 4: 0}",0
82,False,"{'a': 0.3, 'e': 0.818}",30,0,-101.48347311618608,"{0: 22, 1: 1, 2: 4, 3: 2, 4: 1}",0
83,False,"{'a': 0.3, 'e': 0.817}",25,7,2.485856817964213,"{0: 16, 1: 0, 2: 2, 3: 0, 4: 0}",1
84,False,"{'a': 0.3, 'e': 0.816}",25,0,-236.64917947482004,"{0: 12, 1: 2, 2: 6, 3: 1, 4: 4}",0
85,False,"{'a': 0.3, 'e': 0.815}",30,22,15.070678390187549,"{0: 8, 1: 0, 2: 0, 3: 0, 4: 0}",1
86,False,"{'a': 0.3, 'e': 0.814}",25,0,-63.09892308089406,"{0: 16, 1: 3, 2: 5, 3: 1, 4: 0}",0
87,False,"{'a': 0.3, 'e': 0.813}",20,0,-57.30727330717862,"{0: 14, 1: 3, 2: 2, 3: 0, 4: 1}",0
88,False,"{'a': 0.3, 'e': 0.8119999999999999}",20,0,-119.68571684792343,"{0: 13, 1: 1, 2: 3, 3: 1, 4: 2}",0
89,False,"{'a': 0.3, 'e': 0.8109999999999999}",25,0,-112.39878533074166,"{0: 15, 1: 1, 2: 7, 3: 1, 4: 1}",0
90,False,"{'a': 0.3, 'e': 0.8099999999999999}",25,14,-22.721914639823837,"{0: 7, 1: 3, 2: 0, 3: 1, 4: 0}",1
91,False,"{'a': 0.3, 'e': 0.8089999999999999}",20,0,-19.607406863545975,"{0: 15, 1: 3, 2: 2, 3: 0, 4: 0}",0
92,False,"{'a': 0.3, 'e': 0.8079999999999999}",20,9,2.495288583132176,"{0: 9, 1: 1, 2: 1, 3: 0, 4: 0}",1
93,False,"{'a': 0.3, 'e': 0.8069999999999999}",20,2,-29.82793801247722,"{0: 12, 1: 3, 2: 3, 3: 0, 4: 0}",1
94,False,"{'a': 0.3, 'e': 0.8059999999999999}",35,0,-179.8563211938111,"{0: 21, 1: 3, 2: 7, 3: 2, 4: 2}",0
95,False,"{'a': 0.3, 'e': 0.8049999999999999}",25,15,-47.55485728189343,"{0: 7, 1: 0, 2: 2, 3: 0, 4: 1}",1
96,False,"{'a': 0.3, 'e': 0.8039999999999999}",30,0,-82.04943818852765,"{0: 21, 1: 5, 2: 2, 3: 1, 4: 1}",0
97,False,"{'a': 0.3, 'e': 0.8029999999999999}",25,0,-48.15075536646216,"{0: 20, 1: 2, 2: 2, 3: 0, 4: 1}",0
98,False,"{'a': 0.3, 'e': 0.8019999999999999}",25,14,-4.841231376853716,"{0: 9, 1: 0, 2: 2, 3: 0, 4: 0}",1
99,False,"{'a': 0.3, 'e': 0.8009999999999999}",25,0,-44.13185828664892,"{0: 19, 1: 0, 2: 5, 3: 1, 4: 0}",0
100,False,"{'a': 0.3, 'e': 0.7999999999999999}",25,0,-94.40189258060805,"{0: 16, 1: 2, 2: 6, 3: 0, 4: 1}",0
101,False,"{'a': 0.3, 'e': 0.7989999999999999}",25,5,-106.97966942644679,"{0: 16, 1: 0, 2: 1, 3: 0, 4: 3}",1
102,False,"{'a': 0.3, 'e': 0.7979999999999999}",20,0,-92.19669554822894,"{0: 14, 1: 0, 2: 3, 3: 2, 4: 1}",0
103,False,"{'a': 0.3, 'e': 0.7969999999999999}",30,3,-45.47168386782593,"{0: 18, 1: 3, 2: 6, 3: 0, 4: 0}",1
104,False,"{'a': 0.3, 'e': 0.7959999999999999}",20,0,-123.09187825259819,"{0: 12, 1: 3, 2: 2, 3: 1, 4: 2}",0
105,False,"{'a': 0.3, 'e': 0.7949999999999999}",20,0,-142.7663800319655,"{0: 11, 1: 1, 2: 3, 3: 4, 4: 1}",0
106,False,"{'a': 0.3, 'e': 0.7939999999999999}",20,14,-13.425779706613833,"{0: 4, 1: 0, 2: 2, 3: 0, 4: 0}",1
107,False,"{'a': 0.3, 'e': 0.7929999999999999}",25,11,-12.56386603542138,"{0: 11, 1: 0, 2: 3, 3: 0, 4: 0}",1
108,False,"{'a': 0.3, 'e': 0.7919999999999999}",30,0,-162.51219998367705,"{0: 17, 1: 4, 2: 5, 3: 2, 4: 2}",0
109,False,"{'a': 0.3, 'e': 0.7909999999999999}",30,0,-49.200799774748035,"{0: 23, 1: 1, 2: 5, 3: 1, 4: 0}",0
110,False,"{'a': 0.3, 'e': 0.7899999999999999}",30,10,-62.764730639091844,"{0: 13, 1: 2, 2: 3, 3: 2, 4: 0}",1
111,False,"{'a': 0.3, 'e': 0.7889999999999999}",20,0,-198.538801264538,"{0: 11, 1: 2, 2: 2, 3: 1, 4: 4}",0
112,False,"{'a': 0.3, 'e': 0.7879999999999999}",35,0,-234.40068026553507,"{0: 22, 1: 1, 2: 6, 3: 2, 4: 4}",0
113,False,"{'a': 0.3, 'e': 0.7869999999999999}",30,0,-128.4638268523597,"{0: 21, 1: 1, 2: 5, 3: 1, 4: 2}",0
114,False,"{'a': 0.3, 'e': 0.7859999999999999}",30,0,-207.39566358971933,"{0: 20, 1: 0, 2: 3, 3: 4, 4: 3}",0
115,False,"{'a': 0.3, 'e': 0.7849999999999999}",20,0,-128.39396845237644,"{0: 11, 1: 2, 2: 5, 3: 0, 4: 2}",0
116,False,"{'a': 0.3, 'e': 0.7839999999999999}",20,0,-49.40229569778193,"{0: 15, 1: 2, 2: 2, 3: 0, 4: 1}",0
117,False,"{'a': 0.3, 'e': 0.7829999999999999}",25,0,-121.60494068055911,"{0: 18, 1: 0, 2: 4, 3: 1, 4: 2}",0
118,False,"{'a': 0.3, 'e': 0.7819999999999999}",20,0,-80.20200614565665,"{0: 15, 1: 1, 2: 1, 3: 2, 4: 1}",0
119,False,"{'a': 0.3, 'e': 0.7809999999999999}",20,0,-46.510892637076616,"{0: 15, 1: 2, 2: 2, 3: 0, 4: 1}",0
120,False,"{'a': 0.3, 'e': 0.7799999999999999}",20,0,-38.07802497838633,"{0: 17, 1: 0, 2: 2, 3: 0, 4: 1}",0
121,False,"{'a': 0.3, 'e': 0.7789999999999999}",30,14,-20.996663899170777,"{0: 12, 1: 1, 2: 2, 3: 1, 4: 0}",1
122,False,"{'a': 0.3, 'e': 0.7779999999999999}",20,0,-18.133390099392408,"{0: 15, 1: 2, 2: 3, 3: 0, 4: 0}",0
123,False,"{'a': 0.3, 'e': 0.7769999999999999}",20,0,4.22868007104287,"{0: 18, 1: 1, 2: 1, 3: 0, 4: 0}",0
124,False,"{'a': 0.3, 'e': 0.7759999999999999}",20,0,-62.67757455441631,"{0: 15, 1: 1, 2: 2, 3: 1, 4: 1}",0
125,False,"{'a': 0.3, 'e': 0.7749999999999999}",20,0,-85.82101442252647,"{0: 12, 1: 1, 2: 5, 3: 2, 4: 0}",0
126,False,"{'a': 0.3, 'e': 0.7739999999999999}",20,0,-96.96753836324989,"{0: 14, 1: 1, 2: 3, 3: 0, 4: 2}",0
127,False,"{'a': 0.3, 'e': 0.7729999999999999}",25,0,-32.99271058316579,"{0: 19, 1: 3, 2: 1, 3: 2, 4: 0}",0
128,False,"{'a': 0.3, 'e': 0.7719999999999999}",20,5,-24.773188153547302,"{0: 10, 1: 4, 2: 0, 3: 1, 4: 0}",1
129,False,"{'a': 0.3, 'e': 0.7709999999999999}",20,0,-139.29210592341798,"{0: 13, 1: 1, 2: 3, 3: 0, 4: 3}",0
130,False,"{'a': 0.3, 'e': 0.7699999999999999}",20,0,-58.77014723491537,"{0: 11, 1: 4, 2: 5, 3: 0, 4: 0}",0
131,False,"{'a': 0.3, 'e': 0.7689999999999999}",25,0,-39.729969749294916,"{0: 20, 1: 3, 2: 1, 3: 0, 4: 1}",0
132,False,"{'a': 0.3, 'e': 0.7679999999999999}",25,10,-31.272847975485213,"{0: 9, 1: 2, 2: 4, 3: 0, 4: 0}",1
133,False,"{'a': 0.3, 'e': 0.7669999999999999}",30,0,-98.59617394852584,"{0: 22, 1: 3, 2: 3, 3: 0, 4: 2}",0
134,False,"{'a': 0.3, 'e': 0.7659999999999999}",25,0,-87.50349419988552,"{0: 20, 1: 1, 2: 1, 3: 1, 4: 2}",0
135,False,"{'a': 0.3, 'e': 0.7649999999999999}",20,11,-8.649925221202391,"{0: 7, 1: 0, 2: 2, 3: 0, 4: 0}",1
136,False,"{'a': 0.3, 'e': 0.7639999999999999}",20,0,-81.13233801664951,"{0: 11, 1: 5, 2: 3, 3: 0, 4: 1}",0
137,False,"{'a': 0.3, 'e': 0.7629999999999999}",20,0,-77.7209004182109,"{0: 13, 1: 2, 2: 4, 3: 0, 4: 1}",0
138,False,"{'a': 0.3, 'e': 0.7619999999999999}",20,6,-75.78811276254766,"{0: 11, 1: 0, 2: 1, 3: 0, 4: 2}",1
139,False,"{'a': 0.3, 'e': 0.7609999999999999}",20,0,-62.33050332498336,"{0: 14, 1: 0, 2: 4, 3: 2, 4: 0}",0
140,False,"{'a': 0.3, 'e': 0.7599999999999999}",30,11,-115.47359563038704,"{0: 14, 1: 0, 2: 2, 3: 0, 4: 3}",1
141,False,"{'a': 0.3, 'e': 0.7589999999999999}",30,12,-21.36863788612265,"{0: 15, 1: 0, 2: 2, 3: 1, 4: 0}",1
142,False,"{'a': 0.3, 'e': 0.7579999999999999}",20,0,-69.61926965151177,"{0: 16, 1: 0, 2: 1, 3: 2, 4: 1}",0
143,False,"{'a': 0.3, 'e': 0.7569999999999999}",25,0,-103.33832629866,"{0: 15, 1: 0, 2: 8, 3: 2, 4: 0}",0
144,False,"{'a': 0.3, 'e': 0.7559999999999999}",30,0,-29.353675711228,"{0: 24, 1: 2, 2: 3, 3: 1, 4: 0}",0
145,False,"{'a': 0.3, 'e': 0.7549999999999999}",20,4,-67.1411591426212,"{0: 13, 1: 1, 2: 0, 3: 0, 4: 2}",1
146,False,"{'a': 0.3, 'e': 0.7539999999999999}",20,0,-82.18180347897392,"{0: 15, 1: 1, 2: 2, 3: 0, 4: 2}",0
147,False,"{'a': 0.3, 'e': 0.7529999999999999}",35,4,-121.21790002308607,"{0: 20, 1: 4, 2: 5, 3: 0, 4: 2}",1
148,False,"{'a': 0.3, 'e': 0.7519999999999999}",20,0,-61.03512219118349,"{0: 14, 1: 2, 2: 3, 3: 0, 4: 1}",0
149,False,"{'a': 0.3, 'e': 0.7509999999999999}",25,0,-113.16293141891603,"{0: 17, 1: 2, 2: 4, 3: 0, 4: 2}",0
150,False,"{'a': 0.3, 'e': 0.7499999999999999}",25,12,-45.247583619905534,"{0: 11, 1: 0, 2: 0, 3: 1, 4: 1}",1
151,False,"{'a': 0.3, 'e': 0.7489999999999999}",20,12,-35.01280970460608,"{0: 4, 1: 2, 2: 1, 3: 1, 4: 0}",1
152,False,"{'a': 0.3, 'e': 0.7479999999999999}",20,8,-34.98046857681623,"{0: 9, 1: 2, 2: 0, 3: 0, 4: 1}",1
153,False,"{'a': 0.3, 'e': 0.7469999999999999}",30,0,-78.63451718767332,"{0: 25, 1: 0, 2: 3, 3: 0, 4: 2}",0
154,False,"{'a': 0.3, 'e': 0.7459999999999999}",30,16,-57.915349631112036,"{0: 9, 1: 1, 2: 3, 3: 0, 4: 1}",1
155,False,"{'a': 0.3, 'e': 0.7449999999999999}",20,0,-103.33892100796267,"{0: 14, 1: 2, 2: 1, 3: 1, 4: 2}",0
156,False,"{'a': 0.3, 'e': 0.7439999999999999}",25,10,5.290998346313649,"{0: 13, 1: 1, 2: 1, 3: 0, 4: 0}",1
157,False,"{'a': 0.3, 'e': 0.7429999999999999}",20,0,-6.759768178371923,"{0: 18, 1: 0, 2: 1, 3: 1, 4: 0}",0
158,False,"{'a': 0.3, 'e': 0.7419999999999999}",20,0,-43.35055446299462,"{0: 14, 1: 2, 2: 3, 3: 1, 4: 0}",0
159,False,"{'a': 0.3, 'e': 0.7409999999999999}",35,16,-60.44854659406886,"{0: 13, 1: 2, 2: 3, 3: 0, 4: 1}",1
160,False,"{'a': 0.3, 'e': 0.7399999999999999}",25,0,-114.52589692306069,"{0: 17, 1: 1, 2: 5, 3: 0, 4: 2}",0
161,False,"{'a': 0.3, 'e': 0.7389999999999999}",20,0,-48.88553380704806,"{0: 12, 1: 3, 2: 5, 3: 0, 4: 0}",0
162,False,"{'a': 0.3, 'e': 0.7379999999999999}",30,0,-215.7869179118189,"{0: 19, 1: 2, 2: 3, 3: 2, 4: 4}",0
163,False,"{'a': 0.3, 'e': 0.7369999999999999}",20,13,3.9401546902014193,"{0: 6, 1: 1, 2: 0, 3: 0, 4: 0}",1
164,False,"{'a': 0.3, 'e': 0.7359999999999999}",30,0,-50.17581139789965,"{0: 24, 1: 2, 2: 3, 3: 0, 4: 1}",0
165,False,"{'a': 0.3, 'e': 0.7349999999999999}",20,0,-13.686404837246608,"{0: 19, 1: 0, 2: 0, 3: 0, 4: 1}",0
166,False,"{'a': 0.3, 'e': 0.7339999999999999}",30,0,-17.187765682458483,"{0: 24, 1: 3, 2: 3, 3: 0, 4: 0}",0
167,False,"{'a': 0.3, 'e': 0.7329999999999999}",25,0,-123.5421038543953,"{0: 16, 1: 3, 2: 3, 3: 1, 4: 2}",0
168,False,"{'a': 0.3, 'e': 0.7319999999999999}",25,0,-99.51997904222459,"{0: 19, 1: 0, 2: 4, 3: 0, 4: 2}",0
169,False,"{'a': 0.3, 'e': 0.7309999999999999}",25,0,-225.22640035074565,"{0: 13, 1: 2, 2: 5, 3: 1, 4: 4}",0
170,False,"{'a': 0.3, 'e': 0.7299999999999999}",25,8,-161.88702385939905,"{0: 10, 1: 1, 2: 1, 3: 2, 4: 3}",1
171,False,"{'a': 0.3, 'e': 0.7289999999999999}",20,3,-85.22606426359506,"{0: 12, 1: 1, 2: 2, 3: 0, 4: 2}",1
172,False,"{'a': 0.3, 'e': 0.7279999999999999}",20,2,-102.72958568559734,"{0: 10, 1: 1, 2: 5, 3: 1, 4: 1}",1
173,False,"{'a': 0.3, 'e': 0.7269999999999999}",25,7,-52.20731256650033,"{0: 12, 1: 0, 2: 5, 3: 1, 4: 0}",1
174,False,"{'a': 0.3, 'e': 0.7259999999999999}",20,0,-58.544154533515425,"{0: 16, 1: 0, 2: 2, 3: 1, 4: 1}",0
175,False,"{'a': 0.3, 'e': 0.7249999999999999}",25,4,-56.70060800836792,"{0: 14, 1: 0, 2: 6, 3: 1, 4: 0}",1
176,False,"{'a': 0.3, 'e': 0.7239999999999999}",25,5,-109.1695345278453,"{0: 14, 1: 0, 2: 3, 3: 1, 4: 2}",1
177,False,"{'a': 0.3, 'e': 0.7229999999999999}",20,0,-80.26593846657515,"{0: 15, 1: 2, 2: 1, 3: 0, 4: 2}",0
178,False,"{'a': 0.3, 'e': 0.7219999999999999}",25,0,-113.63738302577906,"{0: 15, 1: 4, 2: 3, 3: 2, 4: 1}",0
179,False,"{'a': 0.3, 'e': 0.7209999999999999}",30,0,-41.032362605667046,"{0: 22, 1: 3, 2: 5, 3: 0, 4: 0}",0
180,False,"{'a': 0.3, 'e': 0.7199999999999999}",20,0,-80.61831885587038,"{0: 13, 1: 2, 2: 3, 3: 1, 4: 1}",0
181,False,"{'a': 0.3, 'e': 0.7189999999999999}",35,8,-88.85542271723835,"{0: 18, 1: 3, 2: 4, 3: 1, 4: 1}",1
182,False,"{'a': 0.3, 'e': 0.7179999999999999}",30,11,-36.94382884322542,"{0: 16, 1: 1, 2: 0, 3: 1, 4: 1}",1
183,False,"{'a': 0.3, 'e': 0.7169999999999999}",20,0,-67.409200178694,"{0: 15, 1: 0, 2: 3, 3: 1, 4: 1}",0
184,False,"{'a': 0.3, 'e': 0.7159999999999999}",30,10,-41.22559026494393,"{0: 17, 1: 0, 2: 1, 3: 1, 4: 1}",1
185,False,"{'a': 0.3, 'e': 0.7149999999999999}",30,0,-73.78430172295033,"{0: 25, 1: 0, 2: 2, 3: 2, 4: 1}",0
186,False,"{'a': 0.3, 'e': 0.7139999999999999}",35,23,-32.775516880567544,"{0: 10, 1: 1, 2: 0, 3: 0, 4: 1}",1
187,False,"{'a': 0.3, 'e': 0.7129999999999999}",20,0,-82.97855327243421,"{0: 11, 1: 4, 2: 4, 3: 0, 4: 1}",0
188,False,"{'a': 0.3, 'e': 0.7119999999999999}",25,0,-127.36928642959269,"{0: 15, 1: 4, 2: 4, 3: 0, 4: 2}",0
189,False,"{'a': 0.3, 'e': 0.7109999999999999}",20,0,-75.96926086063793,"{0: 16, 1: 1, 2: 1, 3: 0, 4: 2}",0
190,False,"{'a': 0.3, 'e': 0.7099999999999999}",20,0,-69.73919162170655,"{0: 16, 1: 2, 2: 0, 3: 0, 4: 2}",0
191,False,"{'a': 0.3, 'e': 0.7089999999999999}",20,0,-22.410615746401067,"{0: 15, 1: 3, 2: 2, 3: 0, 4: 0}",0
192,False,"{'a': 0.3, 'e': 0.7079999999999999}",25,0,-63.51545563389348,"{0: 20, 1: 0, 2: 3, 3: 1, 4: 1}",0
193,False,"{'a': 0.3, 'e': 0.7069999999999999}",20,0,-103.65338532336659,"{0: 12, 1: 1, 2: 5, 3: 1, 4: 1}",0
194,False,"{'a': 0.3, 'e': 0.7059999999999998}",30,2,-113.14705217642434,"{0: 22, 1: 3, 2: 0, 3: 0, 4: 3}",1
195,False,"{'a': 0.3, 'e': 0.7049999999999998}",20,0,-89.14634884634627,"{0: 14, 1: 2, 2: 2, 3: 0, 4: 2}",0
196,False,"{'a': 0.3, 'e': 0.7039999999999998}",35,6,-115.64862040790743,"{0: 17, 1: 5, 2: 5, 3: 1, 4: 1}",1
197,False,"{'a': 0.3, 'e': 0.7029999999999998}",20,10,-17.489872896079397,"{0: 8, 1: 0, 2: 1, 3: 1, 4: 0}",1
198,False,"{'a': 0.3, 'e': 0.7019999999999998}",25,0,-91.75033088639367,"{0: 20, 1: 1, 2: 1, 3: 1, 4: 2}",0
199,False,"{'a': 0.3, 'e': 0.7009999999999998}",25,13,-43.20329074206636,"{0: 9, 1: 1, 2: 1, 3: 0, 4: 1}",1
200,False,"{'a': 0.3, 'e': 0.6999999999999998}",20,0,-80.24688141804835,"{0: 14, 1: 1, 2: 3, 3: 1, 4: 1}",0
201,False,"{'a': 0.3, 'e': 0.6989999999999998}",20,0,-115.01969624519272,"{0: 13, 1: 0, 2: 5, 3: 0, 4: 2}",0
202,False,"{'a': 0.3, 'e': 0.6979999999999998}",30,20,-1.6548684875378425,"{0: 8, 1: 1, 2: 1, 3: 0, 4: 0}",1
203,False,"{'a': 0.3, 'e': 0.6969999999999998}",20,0,-125.90059086581863,"{0: 12, 1: 3, 2: 1, 3: 2, 4: 2}",0
204,False,"{'a': 0.3, 'e': 0.6959999999999998}",35,9,-108.03074843611294,"{0: 17, 1: 2, 2: 4, 3: 2, 4: 1}",1
205,False,"{'a': 0.3, 'e': 0.6949999999999998}",20,0,-54.981893329158915,"{0: 15, 1: 0, 2: 3, 3: 2, 4: 0}",0
206,False,"{'a': 0.3, 'e': 0.6939999999999998}",20,7,-51.44097646265408,"{0: 10, 1: 1, 2: 0, 3: 1, 4: 1}",1
207,False,"{'a': 0.3, 'e': 0.6929999999999998}",30,0,-102.06150693676649,"{0: 21, 1: 3, 2: 4, 3: 0, 4: 2}",1
208,False,"{'a': 0.3, 'e': 0.6919999999999998}",20,1,-0.7523254238646184,"{0: 16, 1: 1, 2: 2, 3: 0, 4: 0}",1
209,False,"{'a': 0.3, 'e': 0.6909999999999998}",30,12,-100.08181110804958,"{0: 15, 1: 0, 2: 0, 3: 0, 4: 3}",1
210,False,"{'a': 0.3, 'e': 0.6899999999999998}",20,14,10.327500390324516,"{0: 6, 1: 0, 2: 0, 3: 0, 4: 0}",1
211,False,"{'a': 0.3, 'e': 0.6889999999999998}",25,0,-93.7429414750144,"{0: 18, 1: 0, 2: 4, 3: 2, 4: 1}",0
212,False,"{'a': 0.3, 'e': 0.6879999999999998}",25,0,-9.283572934197442,"{0: 22, 1: 1, 2: 1, 3: 1, 4: 0}",0
213,False,"{'a': 0.3, 'e': 0.6869999999999998}",20,0,-54.250042123333984,"{0: 15, 1: 1, 2: 3, 3: 0, 4: 1}",0
214,False,"{'a': 0.3, 'e': 0.6859999999999998}",25,1,-46.76529551378131,"{0: 19, 1: 1, 2: 3, 3: 0, 4: 1}",1
215,False,"{'a': 0.3, 'e': 0.6849999999999998}",30,0,-73.5060394288134,"{0: 23, 1: 4, 2: 1, 3: 0, 4: 2}",0
216,False,"{'a': 0.3, 'e': 0.6839999999999998}",20,0,-80.46008993873728,"{0: 13, 1: 1, 2: 5, 3: 0, 4: 1}",0
217,False,"{'a': 0.3, 'e': 0.6829999999999998}",25,15,-13.44966380116398,"{0: 7, 1: 1, 2: 2, 3: 0, 4: 0}",1
218,False,"{'a': 0.3, 'e': 0.6819999999999998}",20,7,-43.643932342955836,"{0: 9, 1: 2, 2: 1, 3: 0, 4: 1}",1
219,False,"{'a': 0.3, 'e': 0.6809999999999998}",35,9,-90.08410122242809,"{0: 18, 1: 1, 2: 5, 3: 1, 4: 1}",1
220,False,"{'a': 0.3, 'e': 0.6799999999999998}",25,0,-70.22798915211068,"{0: 17, 1: 3, 2: 4, 3: 0, 4: 1}",0
221,False,"{'a': 0.3, 'e': 0.6789999999999998}",20,6,-97.98720306670798,"{0: 7, 1: 2, 2: 2, 3: 2, 4: 1}",1
222,False,"{'a': 0.3, 'e': 0.6779999999999998}",25,2,-55.78187400190776,"{0: 15, 1: 1, 2: 7, 3: 0, 4: 0}",1
223,False,"{'a': 0.3, 'e': 0.6769999999999998}",25,0,-75.64927595220759,"{0: 19, 1: 2, 2: 1, 3: 2, 4: 1}",1
224,False,"{'a': 0.3, 'e': 0.6759999999999998}",30,16,-63.06386373164402,"{0: 10, 1: 0, 2: 2, 3: 1, 4: 1}",1
225,False,"{'a': 0.3, 'e': 0.6749999999999998}",20,7,-25.172944940179107,"{0: 10, 1: 1, 2: 0, 3: 2, 4: 0}",1
226,False,"{'a': 0.3, 'e': 0.6739999999999998}",20,0,-29.206820409486816,"{0: 18, 1: 0, 2: 1, 3: 0, 4: 1}",0
227,False,"{'a': 0.3, 'e': 0.6729999999999998}",30,19,-25.18289167054144,"{0: 7, 1: 0, 2: 4, 3: 0, 4: 0}",1
228,False,"{'a': 0.3, 'e': 0.6719999999999998}",20,0,-15.912540542414654,"{0: 16, 1: 0, 2: 4, 3: 0, 4: 0}",0
229,False,"{'a': 0.3, 'e': 0.6709999999999998}",30,0,-15.871286054185248,"{0: 26, 1: 2, 2: 1, 3: 1, 4: 0}",0
230,False,"{'a': 0.3, 'e': 0.6699999999999998}",20,0,-42.15359616164028,"{0: 13, 1: 3, 2: 3, 3: 1, 4: 0}",0
231,False,"{'a': 0.3, 'e': 0.6689999999999998}",35,9,-138.949408105923,"{0: 17, 1: 0, 2: 6, 3: 1, 4: 2}",1
232,False,"{'a': 0.3, 'e': 0.6679999999999998}",25,0,-50.5072274049215,"{0: 20, 1: 1, 2: 3, 3: 0, 4: 1}",0
233,False,"{'a': 0.3, 'e': 0.6669999999999998}",30,12,-64.80352398193652,"{0: 12, 1: 3, 2: 1, 3: 1, 4: 1}",1
234,False,"{'a': 0.3, 'e': 0.6659999999999998}",25,9,-17.461878224319122,"{0: 12, 1: 1, 2: 3, 3: 0, 4: 0}",1
235,False,"{'a': 0.3, 'e': 0.6649999999999998}",20,13,3.9753159299448035,"{0: 6, 1: 0, 2: 1, 3: 0, 4: 0}",1
236,False,"{'a': 0.3, 'e': 0.6639999999999998}",20,0,-37.54469563563567,"{0: 14, 1: 0, 2: 6, 3: 0, 4: 0}",0
237,False,"{'a': 0.3, 'e': 0.6629999999999998}",25,0,-47.12650136725339,"{0: 17, 1: 2, 2: 6, 3: 0, 4: 0}",0
238,False,"{'a': 0.3, 'e': 0.6619999999999998}",25,4,-94.66259593005503,"{0: 15, 1: 1, 2: 3, 3: 0, 4: 2}",1
239,False,"{'a': 0.3, 'e': 0.6609999999999998}",30,16,-22.682201472093496,"{0: 10, 1: 0, 2: 4, 3: 0, 4: 0}",1
240,False,"{'a': 0.3, 'e': 0.6599999999999998}",25,0,-47.80582059649719,"{0: 21, 1: 0, 2: 2, 3: 1, 4: 1}",0
241,False,"{'a': 0.3, 'e': 0.6589999999999998}",20,5,-42.38394276933817,"{0: 9, 1: 3, 2: 2, 3: 1, 4: 0}",1
242,False,"{'a': 0.3, 'e': 0.6579999999999998}",20,3,-108.78570612867804,"{0: 10, 1: 1, 2: 4, 3: 0, 4: 2}",1
243,False,"{'a': 0.3, 'e': 0.6569999999999998}",25,0,-107.14895466648962,"{0: 15, 1: 2, 2: 6, 3: 1, 4: 1}",0
244,False,"{'a': 0.3, 'e': 0.6559999999999998}",25,0,-128.8592026335196,"{0: 14, 1: 0, 2: 9, 3: 1, 4: 1}",0
245,False,"{'a': 0.3, 'e': 0.6549999999999998}",20,0,-6.352918850108891,"{0: 17, 1: 1, 2: 2, 3: 0, 4: 0}",0
246,False,"{'a': 0.3, 'e': 0.6539999999999998}",20,0,-51.837621965603745,"{0: 15, 1: 0, 2: 3, 3: 2, 4: 0}",0
247,False,"{'a': 0.3, 'e': 0.6529999999999998}",20,0,-95.13436288080236,"{0: 11, 1: 2, 2: 4, 3: 3, 4: 0}",0
248,False,"{'a': 0.3, 'e': 0.6519999999999998}",30,0,-19.26125921114855,"{0: 24, 1: 2, 2: 4, 3: 0, 4: 0}",0
249,False,"{'a': 0.3, 'e': 0.6509999999999998}",25,0,-67.59699845112513,"{0: 15, 1: 4, 2: 5, 3: 1, 4: 0}",0
250,False,"{'a': 0.3, 'e': 0.6499999999999998}",20,0,-94.31057567864727,"{0: 14, 1: 1, 2: 3, 3: 0, 4: 2}",0
251,False,"{'a': 0.3, 'e': 0.6489999999999998}",20,0,-17.083266724228974,"{0: 16, 1: 1, 2: 3, 3: 0, 4: 0}",0
252,False,"{'a': 0.3, 'e': 0.6479999999999998}",25,16,-12.696734960116624,"{0: 6, 1: 2, 2: 1, 3: 0, 4: 0}",1
253,False,"{'a': 0.3, 'e': 0.6469999999999998}",25,13,-55.783823382194484,"{0: 8, 1: 0, 2: 3, 3: 0, 4: 1}",1
254,False,"{'a': 0.3, 'e': 0.6459999999999998}",20,0,-33.48252613378961,"{0: 15, 1: 1, 2: 3, 3: 1, 4: 0}",0
255,False,"{'a': 0.3, 'e': 0.6449999999999998}",20,13,-41.07495720216487,"{0: 5, 1: 0, 2: 1, 3: 0, 4: 1}",1
256,False,"{'a': 0.3, 'e': 0.6439999999999998}",30,0,-102.4895619578653,"{0: 21, 1: 2, 2: 4, 3: 2, 4: 1}",0
257,False,"{'a': 0.3, 'e': 0.6429999999999998}",20,14,-13.428243817753362,"{0: 4, 1: 0, 2: 2, 3: 0, 4: 0}",1
258,False,"{'a': 0.3, 'e': 0.6419999999999998}",25,9,-78.54896456087722,"{0: 10, 1: 1, 2: 3, 3: 1, 4: 1}",1
259,False,"{'a': 0.3, 'e': 0.6409999999999998}",20,9,6.586151801752849,"{0: 10, 1: 0, 2: 1, 3: 0, 4: 0}",1
260,False,"{'a': 0.3, 'e': 0.6399999999999998}",35,0,-40.75074982376352,"{0: 29, 1: 1, 2: 4, 3: 0, 4: 1}",0
261,False,"{'a': 0.3, 'e': 0.6389999999999998}",25,0,-47.67245484762867,"{0: 20, 1: 2, 2: 2, 3: 0, 4: 1}",0
262,False,"{'a': 0.3, 'e': 0.6379999999999998}",30,10,-69.70987428200243,"{0: 13, 1: 2, 2: 4, 3: 0, 4: 1}",1
263,False,"{'a': 0.3, 'e': 0.6369999999999998}",35,0,-48.27457751988929,"{0: 30, 1: 0, 2: 3, 3: 1, 4: 1}",0
264,False,"{'a': 0.3, 'e': 0.6359999999999998}",25,0,7.282395586313335,"{0: 22, 1: 1, 2: 2, 3: 0, 4: 0}",0
265,False,"{'a': 0.3, 'e': 0.6349999999999998}",25,0,-38.37621926032555,"{0: 21, 1: 1, 2: 2, 3: 0, 4: 1}",0
266,False,"{'a': 0.3, 'e': 0.6339999999999998}",25,0,-47.82915436406262,"{0: 17, 1: 2, 2: 6, 3: 0, 4: 0}",0
267,False,"{'a': 0.3, 'e': 0.6329999999999998}",20,7,1.5461393706465456,"{0: 12, 1: 0, 2: 0, 3: 1, 4: 0}",1
268,False,"{'a': 0.3, 'e': 0.6319999999999998}",25,0,-90.07357261334575,"{0: 19, 1: 1, 2: 3, 3: 0, 4: 2}",0
269,False,"{'a': 0.3, 'e': 0.6309999999999998}",25,16,-6.401041686080131,"{0: 7, 1: 0, 2: 2, 3: 0, 4: 0}",1
270,False,"{'a': 0.3, 'e': 0.6299999999999998}",20,4,-15.23020392319543,"{0: 12, 1: 3, 2: 0, 3: 1, 4: 0}",1
271,False,"{'a': 0.3, 'e': 0.6289999999999998}",20,0,-81.86282603551147,"{0: 15, 1: 2, 2: 1, 3: 0, 4: 2}",0
272,False,"{'a': 0.3, 'e': 0.6279999999999998}",30,0,-11.325905586149918,"{0: 25, 1: 1, 2: 3, 3: 1, 4: 0}",0
273,False,"{'a': 0.3, 'e': 0.6269999999999998}",25,2,-28.24256055009084,"{0: 19, 1: 1, 2: 2, 3: 1, 4: 0}",1
274,False,"{'a': 0.3, 'e': 0.6259999999999998}",20,0,-79.96562353691519,"{0: 15, 1: 2, 2: 1, 3: 0, 4: 2}",0
275,False,"{'a': 0.3, 'e': 0.6249999999999998}",25,9,4.75325230291431,"{0: 14, 1: 0, 2: 2, 3: 0, 4: 0}",1
276,False,"{'a': 0.3, 'e': 0.6239999999999998}",20,0,-79.21397916131832,"{0: 15, 1: 0, 2: 2, 3: 2, 4: 1}",0
277,False,"{'a': 0.3, 'e': 0.6229999999999998}",25,0,-92.26598785109277,"{0: 15, 1: 3, 2: 6, 3: 0, 4: 1}",0
278,False,"{'a': 0.3, 'e': 0.6219999999999998}",20,0,-92.39202481654334,"{0: 14, 1: 1, 2: 3, 3: 0, 4: 2}",0
279,False,"{'a': 0.3, 'e': 0.6209999999999998}",30,0,-135.51172432255706,"{0: 22, 1: 2, 2: 2, 3: 1, 4: 3}",0
280,False,"{'a': 0.3, 'e': 0.6199999999999998}",20,0,-77.5149282677739,"{0: 15, 1: 2, 2: 1, 3: 0, 4: 2}",0
281,False,"{'a': 0.3, 'e': 0.6189999999999998}",20,0,-80.24874705053502,"{0: 14, 1: 1, 2: 2, 3: 2, 4: 1}",1
282,False,"{'a': 0.3, 'e': 0.6179999999999998}",20,8,-61.020789776076164,"{0: 8, 1: 1, 2: 1, 3: 1, 4: 1}",1
283,False,"{'a': 0.3, 'e': 0.6169999999999998}",30,10,-57.60618510977784,"{0: 14, 1: 2, 2: 3, 3: 0, 4: 1}",1
284,False,"{'a': 0.3, 'e': 0.6159999999999998}",20,0,-82.14038953461547,"{0: 16, 1: 1, 2: 1, 3: 0, 4: 2}",0
285,False,"{'a': 0.3, 'e': 0.6149999999999998}",20,0,-87.44009087410625,"{0: 12, 1: 4, 2: 2, 3: 1, 4: 1}",1
286,False,"{'a': 0.3, 'e': 0.6139999999999998}",20,0,-33.22719417196089,"{0: 15, 1: 1, 2: 3, 3: 1, 4: 0}",0
287,False,"{'a': 0.3, 'e': 0.6129999999999998}",25,14,-22.398405458859852,"{0: 10, 1: 0, 2: 0, 3: 0, 4: 1}",1
288,False,"{'a': 0.3, 'e': 0.6119999999999998}",20,12,-8.925933017679267,"{0: 7, 1: 0, 2: 0, 3: 1, 4: 0}",1
289,False,"{'a': 0.3, 'e': 0.6109999999999998}",30,0,-17.015481303662078,"{0: 25, 1: 1, 2: 4, 3: 0, 4: 0}",0
290,False,"{'a': 0.3, 'e': 0.6099999999999998}",20,0,-28.695371527115775,"{0: 16, 1: 1, 2: 2, 3: 1, 4: 0}",0
291,False,"{'a': 0.3, 'e': 0.6089999999999998}",25,0,-145.0584062556737,"{0: 17, 1: 0, 2: 5, 3: 0, 4: 3}",0
292,False,"{'a': 0.3, 'e': 0.6079999999999998}",30,0,-146.43548308984495,"{0: 19, 1: 5, 2: 1, 3: 3, 4: 2}",0
293,False,"{'a': 0.3, 'e': 0.6069999999999998}",25,0,-257.4660273598582,"{0: 9, 1: 4, 2: 7, 3: 1, 4: 4}",0
294,False,"{'a': 0.3, 'e': 0.6059999999999998}",25,0,-81.14530171448936,"{0: 15, 1: 6, 2: 3, 3: 0, 4: 1}",0
295,False,"{'a': 0.3, 'e': 0.6049999999999998}",20,0,-15.480593627337703,"{0: 16, 1: 1, 2: 3, 3: 0, 4: 0}",0
296,False,"{'a': 0.3, 'e': 0.6039999999999998}",20,6,-134.03889315126094,"{0: 8, 1: 0, 2: 3, 3: 0, 4: 3}",1
297,False,"{'a': 0.3, 'e': 0.6029999999999998}",30,0,-113.28575196360407,"{0: 21, 1: 3, 2: 4, 3: 0, 4: 2}",0
298,False,"{'a': 0.3, 'e': 0.6019999999999998}",25,5,-76.68755081955219,"{0: 12, 1: 0, 2: 7, 3: 1, 4: 0}",1
299,False,"{'a': 0.3, 'e': 0.6009999999999998}",25,0,-30.050726117516426,"{0: 20, 1: 0, 2: 4, 3: 1, 4: 0}",1
300,False,"{'a': 0.3, 'e': 0.5999999999999998}",20,9,-2.3373990474773407,"{0: 10, 1: 0, 2: 0, 3: 1, 4: 0}",1
301,False,"{'a': 0.3, 'e': 0.5989999999999998}",20,0,-5.072039235287941,"{0: 18, 1: 0, 2: 1, 3: 1, 4: 0}",0
302,False,"{'a': 0.3, 'e': 0.5979999999999998}",20,0,-167.36972838390244,"{0: 13, 1: 1, 2: 2, 3: 0, 4: 4}",0
303,False,"{'a': 0.3, 'e': 0.5969999999999998}",20,0,-86.63613111001885,"{0: 12, 1: 2, 2: 5, 3: 0, 4: 1}",0
304,False,"{'a': 0.3, 'e': 0.5959999999999998}",20,0,-120.71833995370848,"{0: 11, 1: 3, 2: 4, 3: 0, 4: 2}",0
305,False,"{'a': 0.3, 'e': 0.5949999999999998}",20,10,-34.70078184246819,"{0: 8, 1: 1, 2: 0, 3: 0, 4: 1}",1
306,False,"{'a': 0.3, 'e': 0.5939999999999998}",20,0,-91.40185931738293,"{0: 15, 1: 0, 2: 1, 3: 3, 4: 1}",0
307,False,"{'a': 0.3, 'e': 0.5929999999999997}",20,0,-80.71881751975863,"{0: 15, 1: 2, 2: 1, 3: 0, 4: 2}",0
308,False,"{'a': 0.3, 'e': 0.5919999999999997}",20,4,-80.04885559251346,"{0: 9, 1: 1, 2: 5, 3: 0, 4: 1}",1
309,False,"{'a': 0.3, 'e': 0.5909999999999997}",20,15,2.9702974624937903,"{0: 4, 1: 1, 2: 0, 3: 0, 4: 0}",1
310,False,"{'a': 0.3, 'e': 0.5899999999999997}",25,0,-46.58732832339235,"{0: 20, 1: 0, 2: 4, 3: 0, 4: 1}",0
311,False,"{'a': 0.3, 'e': 0.5889999999999997}",30,15,13.924476827241909,"{0: 14, 1: 0, 2: 1, 3: 0, 4: 0}",1
312,False,"{'a': 0.3, 'e': 0.5879999999999997}",20,0,-114.02525291192204,"{0: 14, 1: 0, 2: 3, 3: 1, 4: 2}",0
313,False,"{'a': 0.3, 'e': 0.5869999999999997}",25,0,-188.9994248114176,"{0: 14, 1: 2, 2: 4, 3: 2, 4: 3}",0
314,False,"{'a': 0.3, 'e': 0.5859999999999997}",35,5,-68.98421548588941,"{0: 23, 1: 2, 2: 1, 3: 4, 4: 0}",1
315,False,"{'a': 0.3, 'e': 0.5849999999999997}",20,6,-16.31067342296966,"{0: 10, 1: 2, 2: 2, 3: 0, 4: 0}",1
316,False,"{'a': 0.3, 'e': 0.5839999999999997}",20,6,-40.24484270618009,"{0: 11, 1: 0, 2: 2, 3: 0, 4: 1}",1
317,False,"{'a': 0.3, 'e': 0.5829999999999997}",20,0,-17.939064180218427,"{0: 16, 1: 2, 2: 1, 3: 1, 4: 0}",0
318,False,"{'a': 0.3, 'e': 0.5819999999999997}",30,0,-134.79352930473098,"{0: 19, 1: 2, 2: 7, 3: 0, 4: 2}",0
319,False,"{'a': 0.3, 'e': 0.5809999999999997}",25,11,-78.96771095659113,"{0: 10, 1: 0, 2: 2, 3: 0, 4: 2}",1
320,False,"{'a': 0.3, 'e': 0.5799999999999997}",20,0,-58.255876574745216,"{0: 16, 1: 0, 2: 2, 3: 1, 4: 1}",0
321,False,"{'a': 0.3, 'e': 0.5789999999999997}",20,7,10.85127881578666,"{0: 12, 1: 0, 2: 1, 3: 0, 4: 0}",1
322,False,"{'a': 0.3, 'e': 0.5779999999999997}",30,0,-67.69005240672055,"{0: 21, 1: 5, 2: 3, 3: 0, 4: 1}",0
323,False,"{'a': 0.3, 'e': 0.5769999999999997}",25,15,-4.05994464451414,"{0: 8, 1: 0, 2: 2, 3: 0, 4: 0}",1
324,False,"{'a': 0.3, 'e': 0.5759999999999997}",20,0,-114.38743425461259,"{0: 13, 1: 1, 2: 3, 3: 1, 4: 2}",1
325,False,"{'a': 0.3, 'e': 0.5749999999999997}",25,0,4.383531923107023,"{0: 21, 1: 2, 2: 2, 3: 0, 4: 0}",0
326,False,"{'a': 0.3, 'e': 0.5739999999999997}",20,0,10.914309171581992,"{0: 17, 1: 3, 2: 0, 3: 0, 4: 0}",0
327,False,"{'a': 0.3, 'e': 0.5729999999999997}",20,3,-123.75700852433617,"{0: 10, 1: 2, 2: 1, 3: 2, 4: 2}",1
328,False,"{'a': 0.3, 'e': 0.5719999999999997}",30,0,-189.24078903037386,"{0: 20, 1: 1, 2: 3, 3: 3, 4: 3}",0
329,False,"{'a': 0.3, 'e': 0.5709999999999997}",20,10,-35.49907341953619,"{0: 8, 1: 0, 2: 1, 3: 0, 4: 1}",1
330,False,"{'a': 0.3, 'e': 0.5699999999999997}",25,13,-25.312179358255545,"{0: 7, 1: 2, 2: 3, 3: 0, 4: 0}",1
331,False,"{'a': 0.3, 'e': 0.5689999999999997}",20,8,-12.7393391604115,"{0: 10, 1: 1, 2: 0, 3: 1, 4: 0}",1
332,False,"{'a': 0.3, 'e': 0.5679999999999997}",20,0,-90.08354437954638,"{0: 14, 1: 3, 2: 1, 3: 0, 4: 2}",0
333,False,"{'a': 0.3, 'e': 0.5669999999999997}",25,11,23.398474593934193,"{0: 14, 1: 0, 2: 0, 3: 0, 4: 0}",1
334,False,"{'a': 0.3, 'e': 0.5659999999999997}",20,0,-26.917206111005797,"{0: 15, 1: 1, 2: 4, 3: 0, 4: 0}",0
335,False,"{'a': 0.3, 'e': 0.5649999999999997}",30,11,-40.3814409264894,"{0: 15, 1: 1, 2: 2, 3: 0, 4: 1}",1
336,False,"{'a': 0.3, 'e': 0.5639999999999997}",30,13,16.872160843591416,"{0: 16, 1: 1, 2: 0, 3: 0, 4: 0}",1
337,False,"{'a': 0.3, 'e': 0.5629999999999997}",30,0,-230.5784754846634,"{0: 21, 1: 0, 2: 2, 3: 2, 4: 5}",0
338,False,"{'a': 0.3, 'e': 0.5619999999999997}",25,5,-95.63162902764942,"{0: 17, 1: 0, 2: 0, 3: 0, 4: 3}",1
339,False,"{'a': 0.3, 'e': 0.5609999999999997}",20,0,-58.51991760780503,"{0: 15, 1: 1, 2: 3, 3: 0, 4: 1}",0
340,False,"{'a': 0.3, 'e': 0.5599999999999997}",20,3,2.1752434746943736,"{0: 13, 1: 4, 2: 0, 3: 0, 4: 0}",1
341,False,"{'a': 0.3, 'e': 0.5589999999999997}",20,0,-6.0646843378545645,"{0: 17, 1: 0, 2: 3, 3: 0, 4: 0}",0
342,False,"{'a': 0.3, 'e': 0.5579999999999997}",20,0,-89.62679051550458,"{0: 15, 1: 0, 2: 3, 3: 0, 4: 2}",0
343,False,"{'a': 0.3, 'e': 0.5569999999999997}",30,21,-24.210693263123556,"{0: 8, 1: 0, 2: 0, 3: 0, 4: 1}",1
344,False,"{'a': 0.3, 'e': 0.5559999999999997}",20,0,-94.67979234178685,"{0: 12, 1: 1, 2: 6, 3: 0, 4: 1}",0
345,False,"{'a': 0.3, 'e': 0.5549999999999997}",25,0,-60.58709229321368,"{0: 19, 1: 0, 2: 5, 3: 0, 4: 1}",0
346,False,"{'a': 0.3, 'e': 0.5539999999999997}",25,16,1.927309088922517,"{0: 8, 1: 0, 2: 1, 3: 0, 4: 0}",1
347,False,"{'a': 0.3, 'e': 0.5529999999999997}",25,0,-78.74816640564165,"{0: 19, 1: 1, 2: 2, 3: 2, 4: 1}",0
348,False,"{'a': 0.3, 'e': 0.5519999999999997}",25,0,-61.48990456379191,"{0: 19, 1: 0, 2: 5, 3: 0, 4: 1}",0
349,False,"{'a': 0.3, 'e': 0.5509999999999997}",20,6,-17.357792858047066,"{0: 11, 1: 1, 2: 1, 3: 1, 4: 0}",1
350,False,"{'a': 0.3, 'e': 0.5499999999999997}",25,4,6.186882413090016,"{0: 19, 1: 0, 2: 2, 3: 0, 4: 0}",1
351,False,"{'a': 0.3, 'e': 0.5489999999999997}",30,17,-13.276575796955852,"{0: 9, 1: 2, 2: 2, 3: 0, 4: 0}",1
352,False,"{'a': 0.3, 'e': 0.5479999999999997}",25,5,-46.51276394601703,"{0: 15, 1: 3, 2: 1, 3: 0, 4: 1}",1
353,False,"{'a': 0.3, 'e': 0.5469999999999997}",20,15,-1.25203477180116,"{0: 4, 1: 0, 2: 1, 3: 0, 4: 0}",1
354,False,"{'a': 0.3, 'e': 0.5459999999999997}",30,11,-4.501367368953362,"{0: 16, 1: 0, 2: 3, 3: 0, 4: 0}",1
355,False,"{'a': 0.3, 'e': 0.5449999999999997}",30,12,-19.892223791212512,"{0: 14, 1: 0, 2: 4, 3: 0, 4: 0}",1
356,False,"{'a': 0.3, 'e': 0.5439999999999997}",25,7,20.8812005163211,"{0: 17, 1: 0, 2: 1, 3: 0, 4: 0}",1
357,False,"{'a': 0.3, 'e': 0.5429999999999997}",25,8,-60.438609186102006,"{0: 12, 1: 0, 2: 4, 3: 0, 4: 1}",1
358,False,"{'a': 0.3, 'e': 0.5419999999999997}",25,2,32.91536634339736,"{0: 23, 1: 0, 2: 0, 3: 0, 4: 0}",1
359,False,"{'a': 0.3, 'e': 0.5409999999999997}",25,12,-21.771929819426713,"{0: 10, 1: 1, 2: 1, 3: 1, 4: 0}",1
360,False,"{'a': 0.3, 'e': 0.5399999999999997}",20,0,2.174366988320158,"{0: 18, 1: 1, 2: 0, 3: 1, 4: 0}",1
361,False,"{'a': 0.3, 'e': 0.5389999999999997}",30,0,-45.8195948968351,"{0: 25, 1: 1, 2: 2, 3: 1, 4: 1}",0
362,False,"{'a': 0.3, 'e': 0.5379999999999997}",20,11,-38.51274568140353,"{0: 7, 1: 0, 2: 1, 3: 0, 4: 1}",1
363,False,"{'a': 0.3, 'e': 0.5369999999999997}",30,19,-22.061572875536676,"{0: 10, 1: 0, 2: 0, 3: 0, 4: 1}",1
364,False,"{'a': 0.3, 'e': 0.5359999999999997}",20,0,11.122683095040774,"{0: 18, 1: 1, 2: 1, 3: 0, 4: 0}",0
365,False,"{'a': 0.3, 'e': 0.5349999999999997}",25,11,6.558012501967177,"{0: 13, 1: 0, 2: 1, 3: 0, 4: 0}",1
366,False,"{'a': 0.3, 'e': 0.5339999999999997}",25,19,12.805765314502567,"{0: 6, 1: 0, 2: 0, 3: 0, 4: 0}",1
367,False,"{'a': 0.3, 'e': 0.5329999999999997}",30,17,-15.615155029522725,"{0: 10, 1: 1, 2: 1, 3: 1, 4: 0}",1
368,False,"{'a': 0.3, 'e': 0.5319999999999997}",20,0,-11.340648279240432,"{0: 17, 1: 0, 2: 3, 3: 0, 4: 0}",0
369,False,"{'a': 0.3, 'e': 0.5309999999999997}",20,0,8.64233187590172,"{0: 18, 1: 1, 2: 1, 3: 0, 4: 0}",1
370,False,"{'a': 0.3, 'e': 0.5299999999999997}",20,0,-17.2032473772247,"{0: 16, 1: 0, 2: 4, 3: 0, 4: 0}",0
371,False,"{'a': 0.3, 'e': 0.5289999999999997}",20,0,21.016099758424772,"{0: 19, 1: 0, 2: 1, 3: 0, 4: 0}",1
372,False,"{'a': 0.3, 'e': 0.5279999999999997}",25,13,12.515311351644437,"{0: 11, 1: 1, 2: 0, 3: 0, 4: 0}",1
373,False,"{'a': 0.3, 'e': 0.5269999999999997}",20,0,0.010939377075510404,"{0: 17, 1: 1, 2: 2, 3: 0, 4: 0}",1
374,False,"{'a': 0.3, 'e': 0.5259999999999997}",25,11,24.290642174514797,"{0: 14, 1: 0, 2: 0, 3: 0, 4: 0}",1
375,False,"{'a': 0.3, 'e': 0.5249999999999997}",25,7,-47.254761172726816,"{0: 13, 1: 0, 2: 3, 3: 2, 4: 0}",1
376,False,"{'a': 0.3, 'e': 0.5239999999999997}",35,4,-176.8148075523774,"{0: 24, 1: 1, 2: 1, 3: 0, 4: 5}",1
377,False,"{'a': 0.3, 'e': 0.5229999999999997}",25,7,12.601384186781337,"{0: 17, 1: 0, 2: 1, 3: 0, 4: 0}",1
378,False,"{'a': 0.3, 'e': 0.5219999999999997}",30,13,6.605058491530315,"{0: 15, 1: 1, 2: 1, 3: 0, 4: 0}",1
379,False,"{'a': 0.3, 'e': 0.5209999999999997}",25,8,-9.016186359688636,"{0: 13, 1: 1, 2: 3, 3: 0, 4: 0}",1
380,False,"{'a': 0.3, 'e': 0.5199999999999997}",20,0,-6.773459488635016,"{0: 17, 1: 2, 2: 0, 3: 1, 4: 0}",0
381,False,"{'a': 0.3, 'e': 0.5189999999999997}",20,2,-54.179549090366514,"{0: 13, 1: 1, 2: 3, 3: 0, 4: 1}",1
382,False,"{'a': 0.3, 'e': 0.5179999999999997}",25,9,-37.780686117304,"{0: 13, 1: 0, 2: 2, 3: 0, 4: 1}",1
383,False,"{'a': 0.3, 'e': 0.5169999999999997}",25,16,0.8035491849563783,"{0: 7, 1: 1, 2: 1, 3: 0, 4: 0}",1
384,False,"{'a': 0.3, 'e': 0.5159999999999997}",20,7,-54.258583113142286,"{0: 9, 1: 0, 2: 3, 3: 0, 4: 1}",1
385,False,"{'a': 0.3, 'e': 0.5149999999999997}",30,2,-69.68646594710636,"{0: 22, 1: 0, 2: 4, 3: 1, 4: 1}",1
386,False,"{'a': 0.3, 'e': 0.5139999999999997}",25,0,6.700098459000459,"{0: 21, 1: 4, 2: 0, 3: 0, 4: 0}",0
387,False,"{'a': 0.3, 'e': 0.5129999999999997}",25,0,-192.30693218883687,"{0: 18, 1: 0, 2: 2, 3: 0, 4: 5}",0
388,False,"{'a': 0.3, 'e': 0.5119999999999997}",20,4,-28.682425281920903,"{0: 14, 1: 0, 2: 1, 3: 0, 4: 1}",1
389,False,"{'a': 0.3, 'e': 0.5109999999999997}",25,11,-41.15696669266277,"{0: 10, 1: 1, 2: 1, 3: 2, 4: 0}",1
390,False,"{'a': 0.3, 'e': 0.5099999999999997}",20,12,11.04646113676192,"{0: 8, 1: 0, 2: 0, 3: 0, 4: 0}",1
391,False,"{'a': 0.3, 'e': 0.5089999999999997}",20,0,4.177907385031529,"{0: 17, 1: 1, 2: 2, 3: 0, 4: 0}",0
392,False,"{'a': 0.3, 'e': 0.5079999999999997}",20,0,-1.2403661885180295,"{0: 17, 1: 1, 2: 2, 3: 0, 4: 0}",0
393,False,"{'a': 0.3, 'e': 0.5069999999999997}",30,16,3.4291958397537905,"{0: 12, 1: 1, 2: 1, 3: 0, 4: 0}",1
394,False,"{'a': 0.3, 'e': 0.5059999999999997}",25,15,6.712020930812087,"{0: 9, 1: 0, 2: 1, 3: 0, 4: 0}",1
395,False,"{'a': 0.3, 'e': 0.5049999999999997}",25,0,-47.42888100701773,"{0: 20, 1: 0, 2: 4, 3: 0, 4: 1}",1
396,False,"{'a': 0.3, 'e': 0.5039999999999997}",35,1,-12.16048292609947,"{0: 28, 1: 2, 2: 4, 3: 0, 4: 0}",1
397,False,"{'a': 0.3, 'e': 0.5029999999999997}",25,14,6.741230515772393,"{0: 10, 1: 0, 2: 1, 3: 0, 4: 0}",1
398,False,"{'a': 0.3, 'e': 0.5019999999999997}",20,0,-43.02777970292539,"{0: 16, 1: 0, 2: 3, 3: 0, 4: 1}",0
399,False,"{'a': 0.3, 'e': 0.5009999999999997}",20,7,-9.572693688702126,"{0: 10, 1: 1, 2: 2, 3: 0, 4: 0}",1
400,False,"{'a': 0.3, 'e': 0.49999999999999967}",25,0,-191.8391164524412,"{0: 13, 1: 1, 2: 7, 3: 1, 4: 3}",0
401,False,"{'a': 0.3, 'e': 0.49899999999999967}",20,0,-78.53438593014666,"{0: 15, 1: 0, 2: 2, 3: 2, 4: 1}",0
402,False,"{'a': 0.3, 'e': 0.49799999999999967}",25,0,2.4638683882090646,"{0: 23, 1: 0, 2: 1, 3: 1, 4: 0}",0
403,False,"{'a': 0.3, 'e': 0.49699999999999966}",35,23,-31.64461390203924,"{0: 9, 1: 2, 2: 0, 3: 0, 4: 1}",1
404,False,"{'a': 0.3, 'e': 0.49599999999999966}",20,14,1.1130145474943203,"{0: 5, 1: 0, 2: 1, 3: 0, 4: 0}",1
405,False,"{'a': 0.3, 'e': 0.49499999999999966}",30,2,2.020007720777488,"{0: 22, 1: 5, 2: 1, 3: 0, 4: 0}",1
406,False,"{'a': 0.3, 'e': 0.49399999999999966}",25,8,-38.84423951900875,"{0: 14, 1: 0, 2: 2, 3: 0, 4: 1}",1
407,False,"{'a': 0.3, 'e': 0.49299999999999966}",20,0,-71.34973205367461,"{0: 15, 1: 0, 2: 2, 3: 2, 4: 1}",0
408,False,"{'a': 0.3, 'e': 0.49199999999999966}",30,3,-86.77848069380192,"{0: 19, 1: 0, 2: 6, 3: 1, 4: 1}",1
409,False,"{'a': 0.3, 'e': 0.49099999999999966}",25,0,-15.586813784530433,"{0: 20, 1: 1, 2: 4, 3: 0, 4: 0}",0
410,False,"{'a': 0.3, 'e': 0.48999999999999966}",20,13,12.674796723227184,"{0: 7, 1: 0, 2: 0, 3: 0, 4: 0}",1
411,False,"{'a': 0.3, 'e': 0.48899999999999966}",25,0,-21.098238590984536,"{0: 22, 1: 1, 2: 1, 3: 0, 4: 1}",0
412,False,"{'a': 0.3, 'e': 0.48799999999999966}",25,11,-149.03384258882053,"{0: 7, 1: 0, 2: 4, 3: 0, 4: 3}",1
413,False,"{'a': 0.3, 'e': 0.48699999999999966}",25,0,-14.400171842983683,"{0: 23, 1: 1, 2: 0, 3: 0, 4: 1}",0
414,False,"{'a': 0.3, 'e': 0.48599999999999965}",20,11,-8.764966444935858,"{0: 7, 1: 0, 2: 2, 3: 0, 4: 0}",1
415,False,"{'a': 0.3, 'e': 0.48499999999999965}",20,0,-129.63677031238802,"{0: 11, 1: 2, 2: 5, 3: 0, 4: 2}",0
416,False,"{'a': 0.3, 'e': 0.48399999999999965}",30,4,-60.62114399169412,"{0: 20, 1: 1, 2: 3, 3: 1, 4: 1}",1
417,False,"{'a': 0.3, 'e': 0.48299999999999965}",25,0,-46.78008010289015,"{0: 19, 1: 3, 2: 2, 3: 0, 4: 1}",0
418,False,"{'a': 0.3, 'e': 0.48199999999999965}",25,14,-29.008935094598595,"{0: 9, 1: 1, 2: 0, 3: 0, 4: 1}",1
419,False,"{'a': 0.3, 'e': 0.48099999999999965}",20,0,-5.771682917236764,"{0: 17, 1: 0, 2: 3, 3: 0, 4: 0}",0
420,False,"{'a': 0.3, 'e': 0.47999999999999965}",20,0,-7.7995506531717025,"{0: 18, 1: 0, 2: 1, 3: 1, 4: 0}",0
421,False,"{'a': 0.3, 'e': 0.47899999999999965}",30,0,-52.38102884388804,"{0: 20, 1: 4, 2: 6, 3: 0, 4: 0}",0
422,False,"{'a': 0.3, 'e': 0.47799999999999965}",25,0,-56.37597147587904,"{0: 20, 1: 1, 2: 2, 3: 1, 4: 1}",0
423,False,"{'a': 0.3, 'e': 0.47699999999999965}",20,0,-23.97936860568549,"{0: 16, 1: 0, 2: 3, 3: 1, 4: 0}",0
424,False,"{'a': 0.3, 'e': 0.47599999999999965}",20,0,-61.000865020903035,"{0: 14, 1: 2, 2: 3, 3: 0, 4: 1}",0
425,False,"{'a': 0.3, 'e': 0.47499999999999964}",20,12,-37.59749529050378,"{0: 6, 1: 0, 2: 1, 3: 0, 4: 1}",1
426,False,"{'a': 0.3, 'e': 0.47399999999999964}",25,1,-52.64469864591524,"{0: 19, 1: 0, 2: 4, 3: 0, 4: 1}",1
427,False,"{'a': 0.3, 'e': 0.47299999999999964}",30,0,-53.29474292575424,"{0: 26, 1: 0, 2: 2, 3: 1, 4: 1}",0
428,False,"{'a': 0.3, 'e': 0.47199999999999964}",20,8,-44.8523231693169,"{0: 8, 1: 2, 2: 1, 3: 0, 4: 1}",1
429,False,"{'a': 0.3, 'e': 0.47099999999999964}",30,18,-3.882739478858091,"{0: 10, 1: 0, 2: 2, 3: 0, 4: 0}",1
430,False,"{'a': 0.3, 'e': 0.46999999999999964}",25,0,-25.19052606625336,"{0: 20, 1: 1, 2: 3, 3: 1, 4: 0}",0
431,False,"{'a': 0.3, 'e': 0.46899999999999964}",20,3,-28.09816018308222,"{0: 13, 1: 0, 2: 3, 3: 1, 4: 0}",1
432,False,"{'a': 0.3, 'e': 0.46799999999999964}",20,6,-56.10054247396897,"{0: 9, 1: 1, 2: 3, 3: 0, 4: 1}",1
433,False,"{'a': 0.3, 'e': 0.46699999999999964}",20,3,-66.42654538617909,"{0: 14, 1: 0, 2: 1, 3: 0, 4: 2}",1
434,False,"{'a': 0.3, 'e': 0.46599999999999964}",20,9,-36.83389563359209,"{0: 7, 1: 0, 2: 3, 3: 1, 4: 0}",1
435,False,"{'a': 0.3, 'e': 0.46499999999999964}",30,13,-9.15906628905852,"{0: 14, 1: 0, 2: 3, 3: 0, 4: 0}",1
436,False,"{'a': 0.3, 'e': 0.46399999999999963}",20,0,-54.67276700882835,"{0: 16, 1: 0, 2: 2, 3: 1, 4: 1}",1
437,False,"{'a': 0.3, 'e': 0.46299999999999963}",20,0,16.03433255427849,"{0: 18, 1: 1, 2: 1, 3: 0, 4: 0}",0
438,False,"{'a': 0.3, 'e': 0.46199999999999963}",30,15,24.85724638783527,"{0: 15, 1: 0, 2: 0, 3: 0, 4: 0}",1
439,False,"{'a': 0.3, 'e': 0.46099999999999963}",20,12,1.4407237768968613,"{0: 7, 1: 0, 2: 1, 3: 0, 4: 0}",1
440,False,"{'a': 0.3, 'e': 0.45999999999999963}",20,0,-41.6661975865859,"{0: 16, 1: 1, 2: 2, 3: 0, 4: 1}",0
441,False,"{'a': 0.3, 'e': 0.45899999999999963}",30,0,-52.21566912104784,"{0: 24, 1: 1, 2: 4, 3: 0, 4: 1}",0
442,False,"{'a': 0.3, 'e': 0.45799999999999963}",25,11,-50.760441955355724,"{0: 10, 1: 0, 2: 3, 3: 0, 4: 1}",1
443,False,"{'a': 0.3, 'e': 0.45699999999999963}",20,0,-58.95200798067136,"{0: 15, 1: 0, 2: 4, 3: 0, 4: 1}",0
444,False,"{'a': 0.3, 'e': 0.45599999999999963}",25,8,-18.41430518692557,"{0: 16, 1: 0, 2: 0, 3: 0, 4: 1}",1
445,False,"{'a': 0.3, 'e': 0.4549999999999996}",25,17,-2.783811457011056,"{0: 6, 1: 1, 2: 1, 3: 0, 4: 0}",1
446,False,"{'a': 0.3, 'e': 0.4539999999999996}",25,15,-4.323583462102684,"{0: 8, 1: 0, 2: 2, 3: 0, 4: 0}",1
447,False,"{'a': 0.3, 'e': 0.4529999999999996}",25,10,-46.51198519236496,"{0: 11, 1: 1, 2: 2, 3: 0, 4: 1}",1
448,False,"{'a': 0.3, 'e': 0.4519999999999996}",25,0,-109.40630890553867,"{0: 17, 1: 2, 2: 4, 3: 0, 4: 2}",0
449,False,"{'a': 0.3, 'e': 0.4509999999999996}",30,19,-2.7579334544739575,"{0: 9, 1: 0, 2: 2, 3: 0, 4: 0}",1
450,False,"{'a': 0.3, 'e': 0.4499999999999996}",30,8,-47.72762597733831,"{0: 17, 1: 1, 2: 3, 3: 0, 4: 1}",1
451,False,"{'a': 0.3, 'e': 0.4489999999999996}",20,8,-6.275330438317109,"{0: 9, 1: 2, 2: 1, 3: 0, 4: 0}",1
452,False,"{'a': 0.3, 'e': 0.4479999999999996}",25,1,-52.552679065825956,"{0: 19, 1: 0, 2: 4, 3: 0, 4: 1}",1
453,False,"{'a': 0.3, 'e': 0.4469999999999996}",25,0,-111.98254811067274,"{0: 18, 1: 1, 2: 3, 3: 1, 4: 2}",0
454,False,"{'a': 0.3, 'e': 0.4459999999999996}",20,13,16.774897365075176,"{0: 7, 1: 0, 2: 0, 3: 0, 4: 0}",1
455,False,"{'a': 0.3, 'e': 0.4449999999999996}",20,7,8.130323999669937,"{0: 12, 1: 0, 2: 1, 3: 0, 4: 0}",1
456,False,"{'a': 0.3, 'e': 0.4439999999999996}",30,10,-61.62947773629717,"{0: 14, 1: 2, 2: 2, 3: 1, 4: 1}",1
457,False,"{'a': 0.3, 'e': 0.4429999999999996}",25,5,-6.22158972936848,"{0: 16, 1: 1, 2: 3, 3: 0, 4: 0}",1
458,False,"{'a': 0.3, 'e': 0.4419999999999996}",25,11,-19.522846091510036,"{0: 13, 1: 0, 2: 0, 3: 0, 4: 1}",1
459,False,"{'a': 0.3, 'e': 0.4409999999999996}",25,16,20.718545006199623,"{0: 9, 1: 0, 2: 0, 3: 0, 4: 0}",1
460,False,"{'a': 0.3, 'e': 0.4399999999999996}",20,3,-64.27289841790957,"{0: 13, 1: 0, 2: 2, 3: 1, 4: 1}",1
461,False,"{'a': 0.3, 'e': 0.4389999999999996}",25,8,-36.79122961257416,"{0: 15, 1: 0, 2: 0, 3: 1, 4: 1}",1
462,False,"{'a': 0.3, 'e': 0.4379999999999996}",20,10,-10.090395073228645,"{0: 8, 1: 0, 2: 2, 3: 0, 4: 0}",1
463,False,"{'a': 0.3, 'e': 0.4369999999999996}",20,12,13.533931219267574,"{0: 8, 1: 0, 2: 0, 3: 0, 4: 0}",1
464,False,"{'a': 0.3, 'e': 0.4359999999999996}",20,0,-17.822260898181952,"{0: 18, 1: 1, 2: 0, 3: 0, 4: 1}",0
465,False,"{'a': 0.3, 'e': 0.4349999999999996}",25,8,-102.44640153802125,"{0: 11, 1: 0, 2: 4, 3: 0, 4: 2}",1
466,False,"{'a': 0.3, 'e': 0.4339999999999996}",20,3,-31.16386720878406,"{0: 13, 1: 0, 2: 3, 3: 1, 4: 0}",1
467,False,"{'a': 0.3, 'e': 0.4329999999999996}",25,4,32.47231801441925,"{0: 21, 1: 0, 2: 0, 3: 0, 4: 0}",1
468,False,"{'a': 0.3, 'e': 0.4319999999999996}",25,11,-11.744576605012627,"{0: 11, 1: 1, 2: 1, 3: 1, 4: 0}",1
469,False,"{'a': 0.3, 'e': 0.4309999999999996}",35,25,18.297099518604913,"{0: 10, 1: 0, 2: 0, 3: 0, 4: 0}",1
470,False,"{'a': 0.3, 'e': 0.4299999999999996}",20,0,-46.97352862622638,"{0: 14, 1: 1, 2: 4, 3: 1, 4: 0}",0
471,False,"{'a': 0.3, 'e': 0.4289999999999996}",25,12,-40.9374464389631,"{0: 10, 1: 1, 2: 1, 3: 0, 4: 1}",1
472,False,"{'a': 0.3, 'e': 0.4279999999999996}",25,6,-84.65533922114301,"{0: 15, 1: 1, 2: 0, 3: 1, 4: 2}",1
473,False,"{'a': 0.3, 'e': 0.4269999999999996}",30,16,-11.212702931041926,"{0: 10, 1: 2, 2: 2, 3: 0, 4: 0}",1
474,False,"{'a': 0.3, 'e': 0.4259999999999996}",25,3,1.4916180076777708,"{0: 19, 1: 1, 2: 2, 3: 0, 4: 0}",1
475,False,"{'a': 0.3, 'e': 0.4249999999999996}",20,0,-53.31205607615382,"{0: 17, 1: 0, 2: 1, 3: 1, 4: 1}",0
476,False,"{'a': 0.3, 'e': 0.4239999999999996}",25,13,2.4122532327009814,"{0: 10, 1: 1, 2: 1, 3: 0, 4: 0}",1
477,False,"{'a': 0.3, 'e': 0.4229999999999996}",20,13,4.395202091060966,"{0: 6, 1: 0, 2: 1, 3: 0, 4: 0}",1
478,False,"{'a': 0.3, 'e': 0.4219999999999996}",20,8,1.726972485996232,"{0: 10, 1: 1, 2: 1, 3: 0, 4: 0}",1
479,False,"{'a': 0.3, 'e': 0.4209999999999996}",25,15,-39.87677104417323,"{0: 8, 1: 0, 2: 1, 3: 0, 4: 1}",1
480,False,"{'a': 0.3, 'e': 0.4199999999999996}",30,0,-82.27955747684253,"{0: 26, 1: 0, 2: 0, 3: 2, 4: 2}",0
481,False,"{'a': 0.3, 'e': 0.4189999999999996}",20,0,-46.3583805524023,"{0: 13, 1: 1, 2: 6, 3: 0, 4: 0}",0
482,False,"{'a': 0.3, 'e': 0.4179999999999996}",20,6,-13.729169830201371,"{0: 10, 1: 2, 2: 2, 3: 0, 4: 0}",1
483,False,"{'a': 0.3, 'e': 0.4169999999999996}",30,6,-28.714165004528883,"{0: 18, 1: 3, 2: 2, 3: 1, 4: 0}",1
484,False,"{'a': 0.3, 'e': 0.4159999999999996}",25,2,-100.71574689229273,"{0: 16, 1: 1, 2: 4, 3: 0, 4: 2}",1
485,False,"{'a': 0.3, 'e': 0.4149999999999996}",20,11,-6.739521075692451,"{0: 7, 1: 0, 2: 2, 3: 0, 4: 0}",1
486,False,"{'a': 0.3, 'e': 0.4139999999999996}",20,0,-9.530576124850796,"{0: 16, 1: 1, 2: 3, 3: 0, 4: 0}",0
487,False,"{'a': 0.3, 'e': 0.4129999999999996}",20,2,-9.649379843898398,"{0: 13, 1: 4, 2: 1, 3: 0, 4: 0}",1
488,False,"{'a': 0.3, 'e': 0.4119999999999996}",25,5,-52.20252397413451,"{0: 16, 1: 0, 2: 2, 3: 1, 4: 1}",1
489,False,"{'a': 0.3, 'e': 0.4109999999999996}",25,1,-106.49525520838579,"{0: 18, 1: 0, 2: 3, 3: 1, 4: 2}",1
490,False,"{'a': 0.3, 'e': 0.4099999999999996}",30,14,17.57929668577139,"{0: 15, 1: 0, 2: 1, 3: 0, 4: 0}",1
491,False,"{'a': 0.3, 'e': 0.4089999999999996}",20,12,11.168135165503159,"{0: 8, 1: 0, 2: 0, 3: 0, 4: 0}",1
492,False,"{'a': 0.3, 'e': 0.4079999999999996}",25,8,28.36497805244266,"{0: 17, 1: 0, 2: 0, 3: 0, 4: 0}",1
493,False,"{'a': 0.3, 'e': 0.4069999999999996}",25,0,-23.12924447385379,"{0: 22, 1: 1, 2: 1, 3: 0, 4: 1}",0
494,False,"{'a': 0.3, 'e': 0.4059999999999996}",25,13,-29.623462894436294,"{0: 10, 1: 0, 2: 1, 3: 0, 4: 1}",1
495,False,"{'a': 0.3, 'e': 0.4049999999999996}",30,0,-35.103356924579394,"{0: 26, 1: 0, 2: 3, 3: 0, 4: 1}",1
496,False,"{'a': 0.3, 'e': 0.4039999999999996}",30,8,-41.614911239149095,"{0: 17, 1: 1, 2: 2, 3: 2, 4: 0}",1
497,False,"{'a': 0.3, 'e': 0.4029999999999996}",30,9,-0.18073490763380562,"{0: 18, 1: 0, 2: 3, 3: 0, 4: 0}",1
498,False,"{'a': 0.3, 'e': 0.4019999999999996}",20,0,-56.48489991098493,"{0: 15, 1: 1, 2: 3, 3: 0, 4: 1}",0
499,False,"{'a': 0.3, 'e': 0.4009999999999996}",30,15,17.32771697071099,"{0: 14, 1: 1, 2: 0, 3: 0, 4: 0}",1
500,False,"{'a': 0.3, 'e': 0.3999999999999996}",20,0,-52.79079540469184,"{0: 15, 1: 2, 2: 2, 3: 0, 4: 1}",0
501,False,"{'a': 0.3, 'e': 0.3989999999999996}",20,3,-10.088188159205153,"{0: 14, 1: 1, 2: 1, 3: 1, 4: 0}",1
502,False,"{'a': 0.3, 'e': 0.3979999999999996}",20,0,-48.637531871475474,"{0: 15, 1: 1, 2: 3, 3: 0, 4: 1}",0
503,False,"{'a': 0.3, 'e': 0.3969999999999996}",20,13,12.272535958055968,"{0: 7, 1: 0, 2: 0, 3: 0, 4: 0}",1
504,False,"{'a': 0.3, 'e': 0.3959999999999996}",30,8,-26.907448457951258,"{0: 19, 1: 0, 2: 2, 3: 0, 4: 1}",1
505,False,"{'a': 0.3, 'e': 0.3949999999999996}",25,2,-36.88950345627329,"{0: 18, 1: 1, 2: 2, 3: 2, 4: 0}",1
506,False,"{'a': 0.3, 'e': 0.3939999999999996}",25,6,-19.02643729321091,"{0: 16, 1: 1, 2: 0, 3: 2, 4: 0}",1
507,False,"{'a': 0.3, 'e': 0.39299999999999957}",35,0,-71.54258663459898,"{0: 29, 1: 2, 2: 2, 3: 0, 4: 2}",0
508,False,"{'a': 0.3, 'e': 0.39199999999999957}",20,5,-14.560677325734838,"{0: 12, 1: 0, 2: 3, 3: 0, 4: 0}",1
509,False,"{'a': 0.3, 'e': 0.39099999999999957}",20,6,-70.96584133493921,"{0: 8, 1: 2, 2: 2, 3: 1, 4: 1}",1
510,False,"{'a': 0.3, 'e': 0.38999999999999957}",25,12,-28.848558273468736,"{0: 11, 1: 1, 2: 0, 3: 0, 4: 1}",1
511,False,"{'a': 0.3, 'e': 0.38899999999999957}",20,0,-33.48492605868368,"{0: 17, 1: 1, 2: 1, 3: 0, 4: 1}",0
512,False,"{'a': 0.3, 'e': 0.38799999999999957}",25,0,-47.056208622473704,"{0: 21, 1: 0, 2: 2, 3: 1, 4: 1}",0
513,False,"{'a': 0.3, 'e': 0.38699999999999957}",20,11,5.199891824038117,"{0: 8, 1: 0, 2: 1, 3: 0, 4: 0}",1
514,False,"{'a': 0.3, 'e': 0.38599999999999957}",30,22,3.181477989613749,"{0: 7, 1: 0, 2: 1, 3: 0, 4: 0}",1
515,False,"{'a': 0.3, 'e': 0.38499999999999956}",25,0,-55.42886998305326,"{0: 21, 1: 1, 2: 0, 3: 2, 4: 1}",0
516,False,"{'a': 0.3, 'e': 0.38399999999999956}",20,4,-16.339460722773,"{0: 12, 1: 1, 2: 3, 3: 0, 4: 0}",1
517,False,"{'a': 0.3, 'e': 0.38299999999999956}",20,5,20.424562022553093,"{0: 14, 1: 1, 2: 0, 3: 0, 4: 0}",1
518,False,"{'a': 0.3, 'e': 0.38199999999999956}",20,0,-60.54472344092529,"{0: 17, 1: 0, 2: 1, 3: 0, 4: 2}",0
519,False,"{'a': 0.3, 'e': 0.38099999999999956}",20,3,-18.80292860771406,"{0: 13, 1: 0, 2: 4, 3: 0, 4: 0}",1
520,False,"{'a': 0.3, 'e': 0.37999999999999956}",25,0,7.444274038401396,"{0: 22, 1: 1, 2: 2, 3: 0, 4: 0}",0
521,False,"{'a': 0.3, 'e': 0.37899999999999956}",25,0,-18.267749546575065,"{0: 23, 1: 0, 2: 1, 3: 0, 4: 1}",0
522,False,"{'a': 0.3, 'e': 0.37799999999999956}",20,6,-0.3435415299579683,"{0: 12, 1: 1, 2: 0, 3: 1, 4: 0}",1
523,False,"{'a': 0.3, 'e': 0.37699999999999956}",25,9,-9.113732874639249,"{0: 14, 1: 0, 2: 1, 3: 1, 4: 0}",1
524,False,"{'a': 0.3, 'e': 0.37599999999999956}",20,12,12.68130313216516,"{0: 8, 1: 0, 2: 0, 3: 0, 4: 0}",1
525,False,"{'a': 0.3, 'e': 0.37499999999999956}",30,18,11.287357076072398,"{0: 11, 1: 0, 2: 1, 3: 0, 4: 0}",1
526,False,"{'a': 0.3, 'e': 0.37399999999999956}",20,12,14.381945070811884,"{0: 8, 1: 0, 2: 0, 3: 0, 4: 0}",1
527,False,"{'a': 0.3, 'e': 0.37299999999999955}",20,9,6.832009863091826,"{0: 10, 1: 0, 2: 1, 3: 0, 4: 0}",1
528,False,"{'a': 0.3, 'e': 0.37199999999999955}",20,11,11.237636267909368,"{0: 8, 1: 1, 2: 0, 3: 0, 4: 0}",1
529,False,"{'a': 0.3, 'e': 0.37099999999999955}",20,11,5.729343671170634,"{0: 8, 1: 0, 2: 1, 3: 0, 4: 0}",1
530,False,"{'a': 0.3, 'e': 0.36999999999999955}",25,19,10.756472782771894,"{0: 6, 1: 0, 2: 0, 3: 0, 4: 0}",1
531,False,"{'a': 0.3, 'e': 0.36899999999999955}",20,8,19.263360448751186,"{0: 12, 1: 0, 2: 0, 3: 0, 4: 0}",1
532,False,"{'a': 0.3, 'e': 0.36799999999999955}",20,15,6.549272021940155,"{0: 5, 1: 0, 2: 0, 3: 0, 4: 0}",1
533,False,"{'a': 0.3, 'e': 0.36699999999999955}",25,13,-10.139166552213148,"{0: 10, 1: 0, 2: 1, 3: 1, 4: 0}",1
534,False,"{'a': 0.3, 'e': 0.36599999999999955}",25,0,-19.127752402621134,"{0: 22, 1: 1, 2: 1, 3: 0, 4: 1}",0
535,False,"{'a': 0.3, 'e': 0.36499999999999955}",25,8,-4.008893908266638,"{0: 15, 1: 0, 2: 1, 3: 1, 4: 0}",1
536,False,"{'a': 0.3, 'e': 0.36399999999999955}",25,0,-13.802246059005482,"{0: 23, 1: 1, 2: 0, 3: 0, 4: 1}",0
537,False,"{'a': 0.3, 'e': 0.36299999999999955}",20,0,0.6105651614218581,"{0: 17, 1: 2, 2: 1, 3: 0, 4: 0}",0
538,False,"{'a': 0.3, 'e': 0.36199999999999954}",25,0,-152.4050273541035,"{0: 18, 1: 0, 2: 3, 3: 0, 4: 4}",0
539,False,"{'a': 0.3, 'e': 0.36099999999999954}",25,9,12.234810273084012,"{0: 15, 1: 0, 2: 1, 3: 0, 4: 0}",1
540,False,"{'a': 0.3, 'e': 0.35999999999999954}",25,7,19.078435255272993,"{0: 17, 1: 0, 2: 1, 3: 0, 4: 0}",1
541,False,"{'a': 0.3, 'e': 0.35899999999999954}",20,6,-4.8274786814044575,"{0: 12, 1: 0, 2: 2, 3: 0, 4: 0}",1
542,False,"{'a': 0.3, 'e': 0.35799999999999954}",20,16,7.412187966289726,"{0: 4, 1: 0, 2: 0, 3: 0, 4: 0}",1
543,False,"{'a': 0.3, 'e': 0.35699999999999954}",20,6,1.326772292378245,"{0: 12, 1: 0, 2: 2, 3: 0, 4: 0}",1
544,False,"{'a': 0.3, 'e': 0.35599999999999954}",25,0,-84.12616504539177,"{0: 20, 1: 0, 2: 3, 3: 0, 4: 2}",0
545,False,"{'a': 0.3, 'e': 0.35499999999999954}",30,10,-60.52309814423694,"{0: 17, 1: 0, 2: 1, 3: 0, 4: 2}",1
546,False,"{'a': 0.3, 'e': 0.35399999999999954}",20,11,12.167290657754943,"{0: 8, 1: 1, 2: 0, 3: 0, 4: 0}",1
547,False,"{'a': 0.3, 'e': 0.35299999999999954}",30,13,-94.00245198066003,"{0: 12, 1: 1, 2: 1, 3: 1, 4: 2}",1
548,False,"{'a': 0.3, 'e': 0.35199999999999954}",25,14,19.642817512766047,"{0: 11, 1: 0, 2: 0, 3: 0, 4: 0}",1
549,False,"{'a': 0.3, 'e': 0.35099999999999953}",25,9,8.67363654711313,"{0: 15, 1: 0, 2: 0, 3: 1, 4: 0}",1
550,False,"{'a': 0.3, 'e': 0.34999999999999953}",25,0,-30.426735726594856,"{0: 21, 1: 3, 2: 0, 3: 0, 4: 1}",0
551,False,"{'a': 0.3, 'e': 0.34899999999999953}",20,8,13.707880678577729,"{0: 11, 1: 0, 2: 1, 3: 0, 4: 0}",1
552,False,"{'a': 0.3, 'e': 0.34799999999999953}",25,12,-0.24527213376581813,"{0: 11, 1: 0, 2: 2, 3: 0, 4: 0}",1
553,False,"{'a': 0.3, 'e': 0.34699999999999953}",25,2,-32.89531306153751,"{0: 20, 1: 0, 2: 1, 3: 1, 4: 1}",1
554,False,"{'a': 0.3, 'e': 0.34599999999999953}",20,0,-31.482922459710668,"{0: 17, 1: 0, 2: 2, 3: 0, 4: 1}",0
555,False,"{'a': 0.3, 'e': 0.34499999999999953}",30,14,-25.340247113921357,"{0: 14, 1: 0, 2: 1, 3: 0, 4: 1}",1
556,False,"{'a': 0.3, 'e': 0.34399999999999953}",20,9,-6.673587122393254,"{0: 9, 1: 0, 2: 2, 3: 0, 4: 0}",1
557,False,"{'a': 0.3, 'e': 0.3429999999999995}",20,13,12.470538784495877,"{0: 7, 1: 0, 2: 0, 3: 0, 4: 0}",1
558,False,"{'a': 0.3, 'e': 0.3419999999999995}",20,0,-20.301836301350043,"{0: 18, 1: 1, 2: 0, 3: 0, 4: 1}",0
559,False,"{'a': 0.3, 'e': 0.3409999999999995}",20,16,8.036136226037867,"{0: 4, 1: 0, 2: 0, 3: 0, 4: 0}",1
560,False,"{'a': 0.3, 'e': 0.3399999999999995}",20,14,0.41220940428708275,"{0: 5, 1: 0, 2: 1, 3: 0, 4: 0}",1
561,False,"{'a': 0.3, 'e': 0.3389999999999995}",25,0,-10.362542147806833,"{0: 19, 1: 4, 2: 2, 3: 0, 4: 0}",0
562,False,"{'a': 0.3, 'e': 0.3379999999999995}",20,15,8.241201467941867,"{0: 5, 1: 0, 2: 0, 3: 0, 4: 0}",1
563,False,"{'a': 0.3, 'e': 0.3369999999999995}",30,8,13.308993271380134,"{0: 20, 1: 1, 2: 1, 3: 0, 4: 0}",1
564,False,"{'a': 0.3, 'e': 0.3359999999999995}",25,15,11.469726333991748,"{0: 9, 1: 1, 2: 0, 3: 0, 4: 0}",1
565,False,"{'a': 0.3, 'e': 0.3349999999999995}",25,8,21.263723385641985,"{0: 16, 1: 1, 2: 0, 3: 0, 4: 0}",1
566,False,"{'a': 0.3, 'e': 0.3339999999999995}",30,10,-21.404004319096956,"{0: 17, 1: 2, 2: 0, 3: 0, 4: 1}",1
567,False,"{'a': 0.3, 'e': 0.3329999999999995}",20,0,-19.338478921912497,"{0: 16, 1: 1, 2: 3, 3: 0, 4: 0}",0
568,False,"{'a': 0.3, 'e': 0.3319999999999995}",25,6,8.184121305306203,"{0: 17, 1: 0, 2: 2, 3: 0, 4: 0}",1
569,False,"{'a': 0.3, 'e': 0.3309999999999995}",20,11,18.520497394411255,"{0: 9, 1: 0, 2: 0, 3: 0, 4: 0}",1
570,False,"{'a': 0.3, 'e': 0.3299999999999995}",30,3,-7.259984682531704,"{0: 23, 1: 0, 2: 4, 3: 0, 4: 0}",1
571,False,"{'a': 0.3, 'e': 0.3289999999999995}",25,0,5.814070417860844,"{0: 22, 1: 1, 2: 2, 3: 0, 4: 0}",0
572,False,"{'a': 0.3, 'e': 0.3279999999999995}",20,16,9.318447336684105,"{0: 4, 1: 0, 2: 0, 3: 0, 4: 0}",1
573,False,"{'a': 0.3, 'e': 0.3269999999999995}",25,0,-5.654730930847631,"{0: 22, 1: 0, 2: 2, 3: 1, 4: 0}",0
574,False,"{'a': 0.3, 'e': 0.3259999999999995}",20,11,18.58717027861046,"{0: 9, 1: 0, 2: 0, 3: 0, 4: 0}",1
575,False,"{'a': 0.3, 'e': 0.3249999999999995}",30,18,25.005575944498393,"{0: 12, 1: 0, 2: 0, 3: 0, 4: 0}",1
576,False,"{'a': 0.3, 'e': 0.3239999999999995}",25,0,-3.464460034454451,"{0: 22, 1: 1, 2: 1, 3: 1, 4: 0}",0
577,False,"{'a': 0.3, 'e': 0.3229999999999995}",25,8,-41.66449970487,"{0: 12, 1: 0, 2: 4, 3: 1, 4: 0}",1
578,False,"{'a': 0.3, 'e': 0.3219999999999995}",20,0,-42.54711561082505,"{0: 15, 1: 2, 2: 2, 3: 0, 4: 1}",0
579,False,"{'a': 0.3, 'e': 0.3209999999999995}",30,18,2.3389104975705246,"{0: 11, 1: 0, 2: 0, 3: 1, 4: 0}",1
580,False,"{'a': 0.3, 'e': 0.3199999999999995}",25,11,-1.380425503819057,"{0: 12, 1: 1, 2: 0, 3: 1, 4: 0}",1
581,False,"{'a': 0.3, 'e': 0.3189999999999995}",20,0,-42.9828662629762,"{0: 17, 1: 0, 2: 2, 3: 0, 4: 1}",0
582,False,"{'a': 0.3, 'e': 0.3179999999999995}",25,0,-80.46078974043928,"{0: 19, 1: 2, 2: 2, 3: 0, 4: 2}",0
583,False,"{'a': 0.3, 'e': 0.3169999999999995}",20,14,10.837223715198174,"{0: 6, 1: 0, 2: 0, 3: 0, 4: 0}",1
584,False,"{'a': 0.3, 'e': 0.3159999999999995}",25,15,1.0389312932951276,"{0: 8, 1: 1, 2: 1, 3: 0, 4: 0}",1
585,False,"{'a': 0.3, 'e': 0.3149999999999995}",30,17,27.845268136368958,"{0: 13, 1: 0, 2: 0, 3: 0, 4: 0}",1
586,False,"{'a': 0.3, 'e': 0.3139999999999995}",30,18,5.854476863856478,"{0: 11, 1: 0, 2: 1, 3: 0, 4: 0}",1
587,False,"{'a': 0.3, 'e': 0.3129999999999995}",30,19,13.063135670996125,"{0: 10, 1: 1, 2: 0, 3: 0, 4: 0}",1
588,False,"{'a': 0.3, 'e': 0.3119999999999995}",20,16,7.906267821082377,"{0: 4, 1: 0, 2: 0, 3: 0, 4: 0}",1
589,False,"{'a': 0.3, 'e': 0.3109999999999995}",25,14,12.85175504826774,"{0: 10, 1: 1, 2: 0, 3: 0, 4: 0}",1
590,False,"{'a': 0.3, 'e': 0.3099999999999995}",20,7,4.413628769832631,"{0: 11, 1: 1, 2: 1, 3: 0, 4: 0}",1
591,False,"{'a': 0.3, 'e': 0.3089999999999995}",20,1,-26.069714089176294,"{0: 17, 1: 0, 2: 1, 3: 0, 4: 1}",1
592,False,"{'a': 0.3, 'e': 0.3079999999999995}",20,10,16.436209638862803,"{0: 10, 1: 0, 2: 0, 3: 0, 4: 0}",1
593,False,"{'a': 0.3, 'e': 0.3069999999999995}",20,0,-12.414865158925412,"{0: 16, 1: 0, 2: 4, 3: 0, 4: 0}",0
594,False,"{'a': 0.3, 'e': 0.3059999999999995}",20,10,18.679770418216332,"{0: 10, 1: 0, 2: 0, 3: 0, 4: 0}",1
595,False,"{'a': 0.3, 'e': 0.3049999999999995}",20,0,-21.676940570554166,"{0: 17, 1: 1, 2: 0, 3: 2, 4: 0}",0
596,False,"{'a': 0.3, 'e': 0.3039999999999995}",20,11,2.6053768619363726,"{0: 8, 1: 0, 2: 1, 3: 0, 4: 0}",1
597,False,"{'a': 0.3, 'e': 0.3029999999999995}",20,15,2.373698237848148,"{0: 4, 1: 1, 2: 0, 3: 0, 4: 0}",1
598,False,"{'a': 0.3, 'e': 0.3019999999999995}",20,16,7.159889869081637,"{0: 4, 1: 0, 2: 0, 3: 0, 4: 0}",1
599,False,"{'a': 0.3, 'e': 0.3009999999999995}",20,9,11.389126920993654,"{0: 10, 1: 0, 2: 1, 3: 0, 4: 0}",1
600,False,"{'a': 0.3, 'e': 0.2999999999999995}",30,14,5.477760927086473,"{0: 14, 1: 0, 2: 2, 3: 0, 4: 0}",1
601,False,"{'a': 0.3, 'e': 0.2989999999999995}",25,12,-16.80215455000894,"{0: 12, 1: 0, 2: 0, 3: 0, 4: 1}",1
602,False,"{'a': 0.3, 'e': 0.2979999999999995}",35,19,-51.37814394381144,"{0: 12, 1: 1, 2: 1, 3: 1, 4: 1}",1
603,False,"{'a': 0.3, 'e': 0.2969999999999995}",20,7,-22.93580220406356,"{0: 10, 1: 0, 2: 2, 3: 1, 4: 0}",1
604,False,"{'a': 0.3, 'e': 0.2959999999999995}",30,18,-28.604286950487346,"{0: 10, 1: 0, 2: 1, 3: 0, 4: 1}",1
605,False,"{'a': 0.3, 'e': 0.2949999999999995}",20,15,0.5861646032275347,"{0: 4, 1: 0, 2: 1, 3: 0, 4: 0}",1
606,False,"{'a': 0.3, 'e': 0.2939999999999995}",20,15,-3.444889767363115,"{0: 4, 1: 0, 2: 1, 3: 0, 4: 0}",1
607,False,"{'a': 0.3, 'e': 0.2929999999999995}",20,0,-12.027392299923068,"{0: 17, 1: 1, 2: 1, 3: 1, 4: 0}",0
608,False,"{'a': 0.3, 'e': 0.2919999999999995}",25,5,8.916955133039334,"{0: 18, 1: 1, 2: 1, 3: 0, 4: 0}",1
609,False,"{'a': 0.3, 'e': 0.2909999999999995}",25,8,5.738941726990238,"{0: 15, 1: 0, 2: 2, 3: 0, 4: 0}",1
610,False,"{'a': 0.3, 'e': 0.2899999999999995}",20,12,-32.1244322843147,"{0: 6, 1: 1, 2: 0, 3: 0, 4: 1}",1
611,False,"{'a': 0.3, 'e': 0.2889999999999995}",20,13,10.886329195614096,"{0: 7, 1: 0, 2: 0, 3: 0, 4: 0}",1
612,False,"{'a': 0.3, 'e': 0.2879999999999995}",20,6,16.78446095750397,"{0: 13, 1: 1, 2: 0, 3: 0, 4: 0}",1
613,False,"{'a': 0.3, 'e': 0.2869999999999995}",25,4,28.847337492785844,"{0: 21, 1: 0, 2: 0, 3: 0, 4: 0}",1
614,False,"{'a': 0.3, 'e': 0.2859999999999995}",20,13,15.855271229600792,"{0: 7, 1: 0, 2: 0, 3: 0, 4: 0}",1
615,False,"{'a': 0.3, 'e': 0.2849999999999995}",25,2,3.63916497763382,"{0: 20, 1: 1, 2: 2, 3: 0, 4: 0}",1
616,False,"{'a': 0.3, 'e': 0.2839999999999995}",25,0,-3.6276129109335287,"{0: 22, 1: 0, 2: 2, 3: 1, 4: 0}",0
617,False,"{'a': 0.3, 'e': 0.2829999999999995}",20,8,11.088645595172025,"{0: 11, 1: 0, 2: 1, 3: 0, 4: 0}",1
618,False,"{'a': 0.3, 'e': 0.2819999999999995}",20,4,0.530568540025862,"{0: 14, 1: 0, 2: 2, 3: 0, 4: 0}",1
619,False,"{'a': 0.3, 'e': 0.2809999999999995}",25,19,11.976959220355347,"{0: 6, 1: 0, 2: 0, 3: 0, 4: 0}",1
620,False,"{'a': 0.3, 'e': 0.27999999999999947}",25,19,13.60213417301409,"{0: 6, 1: 0, 2: 0, 3: 0, 4: 0}",1
621,False,"{'a': 0.3, 'e': 0.27899999999999947}",25,3,-16.36474014592491,"{0: 18, 1: 1, 2: 2, 3: 1, 4: 0}",1
622,False,"{'a': 0.3, 'e': 0.27799999999999947}",30,3,-4.0595926642830715,"{0: 23, 1: 0, 2: 4, 3: 0, 4: 0}",1
623,False,"{'a': 0.3, 'e': 0.27699999999999947}",25,9,21.236523288274835,"{0: 15, 1: 1, 2: 0, 3: 0, 4: 0}",1
624,False,"{'a': 0.3, 'e': 0.27599999999999947}",20,13,-39.99239930744313,"{0: 5, 1: 0, 2: 1, 3: 0, 4: 1}",1
625,False,"{'a': 0.3, 'e': 0.27499999999999947}",30,20,18.62644784847396,"{0: 10, 1: 0, 2: 0, 3: 0, 4: 0}",1
626,False,"{'a': 0.3, 'e': 0.27399999999999947}",30,20,20.440023910683294,"{0: 10, 1: 0, 2: 0, 3: 0, 4: 0}",1
627,False,"{'a': 0.3, 'e': 0.27299999999999947}",30,3,-18.67271782557027,"{0: 24, 1: 0, 2: 2, 3: 0, 4: 1}",1
628,False,"{'a': 0.3, 'e': 0.27199999999999946}",20,14,3.4157290665564473,"{0: 5, 1: 1, 2: 0, 3: 0, 4: 0}",1
629,False,"{'a': 0.3, 'e': 0.27099999999999946}",20,10,5.267357543940183,"{0: 9, 1: 0, 2: 1, 3: 0, 4: 0}",1
630,False,"{'a': 0.3, 'e': 0.26999999999999946}",25,6,18.769162270661333,"{0: 18, 1: 0, 2: 1, 3: 0, 4: 0}",1
631,False,"{'a': 0.3, 'e': 0.26899999999999946}",25,3,-25.867175501802485,"{0: 17, 1: 1, 2: 3, 3: 1, 4: 0}",1
632,False,"{'a': 0.3, 'e': 0.26799999999999946}",25,17,-4.369387360825057,"{0: 7, 1: 0, 2: 0, 3: 1, 4: 0}",1
633,False,"{'a': 0.3, 'e': 0.26699999999999946}",20,13,14.857591301042136,"{0: 7, 1: 0, 2: 0, 3: 0, 4: 0}",1
634,False,"{'a': 0.3, 'e': 0.26599999999999946}",30,14,-23.08740080177034,"{0: 14, 1: 0, 2: 1, 3: 0, 4: 1}",1
635,False,"{'a': 0.3, 'e': 0.26499999999999946}",25,20,8.973550375944697,"{0: 5, 1: 0, 2: 0, 3: 0, 4: 0}",1
636,False,"{'a': 0.3, 'e': 0.26399999999999946}",25,10,-12.002512332486058,"{0: 12, 1: 0, 2: 3, 3: 0, 4: 0}",1
637,False,"{'a': 0.3, 'e': 0.26299999999999946}",25,10,4.695588071087241,"{0: 13, 1: 0, 2: 2, 3: 0, 4: 0}",1
638,False,"{'a': 0.3, 'e': 0.26199999999999946}",25,3,23.278083526733376,"{0: 21, 1: 1, 2: 0, 3: 0, 4: 0}",1
639,False,"{'a': 0.3, 'e': 0.26099999999999945}",20,15,11.384792902916896,"{0: 5, 1: 0, 2: 0, 3: 0, 4: 0}",1
640,False,"{'a': 0.3, 'e': 0.25999999999999945}",20,13,-17.477158933539187,"{0: 5, 1: 1, 2: 0, 3: 1, 4: 0}",1
641,False,"{'a': 0.3, 'e': 0.25899999999999945}",30,15,12.878522336313551,"{0: 14, 1: 0, 2: 1, 3: 0, 4: 0}",1
642,False,"{'a': 0.3, 'e': 0.25799999999999945}",25,15,3.806244333198264,"{0: 9, 1: 0, 2: 1, 3: 0, 4: 0}",1
643,False,"{'a': 0.3, 'e': 0.25699999999999945}",25,10,8.204996136244324,"{0: 13, 1: 1, 2: 1, 3: 0, 4: 0}",1
644,False,"{'a': 0.3, 'e': 0.25599999999999945}",20,16,6.295187908269428,"{0: 4, 1: 0, 2: 0, 3: 0, 4: 0}",1
645,False,"{'a': 0.3, 'e': 0.25499999999999945}",25,15,15.8688053806899,"{0: 10, 1: 0, 2: 0, 3: 0, 4: 0}",1
646,False,"{'a': 0.3, 'e': 0.25399999999999945}",30,13,22.01598591679072,"{0: 16, 1: 0, 2: 1, 3: 0, 4: 0}",1
647,False,"{'a': 0.3, 'e': 0.25299999999999945}",20,0,-4.935348486561264,"{0: 17, 1: 0, 2: 3, 3: 0, 4: 0}",0
648,False,"{'a': 0.3, 'e': 0.25199999999999945}",25,5,-34.97249673849465,"{0: 16, 1: 1, 2: 2, 3: 0, 4: 1}",1
649,False,"{'a': 0.3, 'e': 0.25099999999999945}",20,9,18.4631351763321,"{0: 11, 1: 0, 2: 0, 3: 0, 4: 0}",1
650,False,"{'a': 0.3, 'e': 0.24999999999999944}",20,11,7.698530120887803,"{0: 8, 1: 1, 2: 0, 3: 0, 4: 0}",1
651,False,"{'a': 0.3, 'e': 0.24899999999999944}",25,12,23.314751827771136,"{0: 13, 1: 0, 2: 0, 3: 0, 4: 0}",1
652,False,"{'a': 0.3, 'e': 0.24799999999999944}",25,0,-31.556040592788214,"{0: 22, 1: 0, 2: 1, 3: 1, 4: 1}",0
653,False,"{'a': 0.3, 'e': 0.24699999999999944}",20,14,12.721472547937061,"{0: 6, 1: 0, 2: 0, 3: 0, 4: 0}",1
654,False,"{'a': 0.3, 'e': 0.24599999999999944}",25,18,7.800068530052582,"{0: 6, 1: 1, 2: 0, 3: 0, 4: 0}",1
655,False,"{'a': 0.3, 'e': 0.24499999999999944}",20,12,15.812701978856815,"{0: 8, 1: 0, 2: 0, 3: 0, 4: 0}",1
656,False,"{'a': 0.3, 'e': 0.24399999999999944}",20,7,2.1461922269909444,"{0: 11, 1: 0, 2: 2, 3: 0, 4: 0}",1
657,False,"{'a': 0.3, 'e': 0.24299999999999944}",20,14,12.799182586140184,"{0: 6, 1: 0, 2: 0, 3: 0, 4: 0}",1
658,False,"{'a': 0.3, 'e': 0.24199999999999944}",25,10,13.119229896219325,"{0: 14, 1: 0, 2: 1, 3: 0, 4: 0}",1
659,False,"{'a': 0.3, 'e': 0.24099999999999944}",25,0,-39.29435800114499,"{0: 21, 1: 0, 2: 3, 3: 0, 4: 1}",0
660,False,"{'a': 0.3, 'e': 0.23999999999999944}",20,1,8.791903089951033,"{0: 18, 1: 0, 2: 0, 3: 1, 4: 0}",1
661,False,"{'a': 0.3, 'e': 0.23899999999999944}",30,17,23.50889143514769,"{0: 13, 1: 0, 2: 0, 3: 0, 4: 0}",1
662,False,"{'a': 0.3, 'e': 0.23799999999999943}",30,15,28.12331771878399,"{0: 15, 1: 0, 2: 0, 3: 0, 4: 0}",1
663,False,"{'a': 0.3, 'e': 0.23699999999999943}",20,10,5.346148064334471,"{0: 8, 1: 2, 2: 0, 3: 0, 4: 0}",1
664,False,"{'a': 0.3, 'e': 0.23599999999999943}",25,5,-47.72631908194973,"{0: 18, 1: 0, 2: 0, 3: 0, 4: 2}",1
665,False,"{'a': 0.3, 'e': 0.23499999999999943}",30,10,10.937882331044083,"{0: 18, 1: 0, 2: 2, 3: 0, 4: 0}",1
666,False,"{'a': 0.3, 'e': 0.23399999999999943}",30,0,-89.44901737615834,"{0: 25, 1: 0, 2: 2, 3: 1, 4: 2}",0
667,False,"{'a': 0.3, 'e': 0.23299999999999943}",20,0,-65.84645548833632,"{0: 17, 1: 0, 2: 1, 3: 0, 4: 2}",0
668,False,"{'a': 0.3, 'e': 0.23199999999999943}",20,8,2.0450538318729503,"{0: 10, 1: 1, 2: 1, 3: 0, 4: 0}",1
669,False,"{'a': 0.3, 'e': 0.23099999999999943}",30,2,-55.33502466924338,"{0: 25, 1: 0, 2: 1, 3: 0, 4: 2}",1
670,False,"{'a': 0.3, 'e': 0.22999999999999943}",25,8,16.99516083450898,"{0: 16, 1: 0, 2: 1, 3: 0, 4: 0}",1
671,False,"{'a': 0.3, 'e': 0.22899999999999943}",20,0,11.491876461463688,"{0: 18, 1: 1, 2: 1, 3: 0, 4: 0}",0
672,False,"{'a': 0.3, 'e': 0.22799999999999943}",25,18,13.660608951569788,"{0: 7, 1: 0, 2: 0, 3: 0, 4: 0}",1
673,False,"{'a': 0.3, 'e': 0.22699999999999942}",25,6,-56.11860972094178,"{0: 15, 1: 0, 2: 2, 3: 1, 4: 1}",1
674,False,"{'a': 0.3, 'e': 0.22599999999999942}",30,16,26.929748729063018,"{0: 14, 1: 0, 2: 0, 3: 0, 4: 0}",1
675,False,"{'a': 0.3, 'e': 0.22499999999999942}",20,13,14.321400039283319,"{0: 7, 1: 0, 2: 0, 3: 0, 4: 0}",1
676,False,"{'a': 0.3, 'e': 0.22399999999999942}",20,10,18.70819394215894,"{0: 10, 1: 0, 2: 0, 3: 0, 4: 0}",1
677,False,"{'a': 0.3, 'e': 0.22299999999999942}",20,0,-0.5625910980515549,"{0: 17, 1: 0, 2: 3, 3: 0, 4: 0}",0
678,False,"{'a': 0.3, 'e': 0.22199999999999942}",25,13,15.043399602897882,"{0: 11, 1: 1, 2: 0, 3: 0, 4: 0}",1
679,False,"{'a': 0.3, 'e': 0.22099999999999942}",20,11,4.331485563042829,"{0: 8, 1: 0, 2: 1, 3: 0, 4: 0}",1
680,False,"{'a': 0.3, 'e': 0.21999999999999942}",20,12,12.166741183201637,"{0: 8, 1: 0, 2: 0, 3: 0, 4: 0}",1
681,False,"{'a': 0.3, 'e': 0.21899999999999942}",20,15,-2.1289594243249153,"{0: 4, 1: 0, 2: 1, 3: 0, 4: 0}",1
682,False,"{'a': 0.3, 'e': 0.21799999999999942}",20,13,14.224566248109424,"{0: 7, 1: 0, 2: 0, 3: 0, 4: 0}",1
683,False,"{'a': 0.3, 'e': 0.21699999999999942}",20,5,24.43159099897127,"{0: 15, 1: 0, 2: 0, 3: 0, 4: 0}",1
684,False,"{'a': 0.3, 'e': 0.21599999999999941}",20,11,7.646899938314205,"{0: 8, 1: 0, 2: 1, 3: 0, 4: 0}",1
685,False,"{'a': 0.3, 'e': 0.2149999999999994}",20,15,-10.888318892027431,"{0: 4, 1: 0, 2: 0, 3: 1, 4: 0}",1
686,False,"{'a': 0.3, 'e': 0.2139999999999994}",20,9,-44.967289448617784,"{0: 9, 1: 0, 2: 0, 3: 1, 4: 1}",1
687,False,"{'a': 0.3, 'e': 0.2129999999999994}",30,4,12.3274649963052,"{0: 23, 1: 1, 2: 2, 3: 0, 4: 0}",1
688,False,"{'a': 0.3, 'e': 0.2119999999999994}",30,13,-18.438467389720067,"{0: 15, 1: 0, 2: 1, 3: 0, 4: 1}",1
689,False,"{'a': 0.3, 'e': 0.2109999999999994}",20,2,29.588201329459313,"{0: 18, 1: 0, 2: 0, 3: 0, 4: 0}",1
690,False,"{'a': 0.3, 'e': 0.2099999999999994}",20,0,14.925469289096826,"{0: 18, 1: 2, 2: 0, 3: 0, 4: 0}",1
691,False,"{'a': 0.3, 'e': 0.2089999999999994}",30,9,3.630506045484623,"{0: 18, 1: 1, 2: 2, 3: 0, 4: 0}",1
692,False,"{'a': 0.3, 'e': 0.2079999999999994}",20,12,15.234308978101577,"{0: 8, 1: 0, 2: 0, 3: 0, 4: 0}",1
693,False,"{'a': 0.3, 'e': 0.2069999999999994}",20,13,7.164707704274327,"{0: 6, 1: 1, 2: 0, 3: 0, 4: 0}",1
694,False,"{'a': 0.3, 'e': 0.2059999999999994}",25,15,6.171257222762534,"{0: 9, 1: 0, 2: 1, 3: 0, 4: 0}",1
695,False,"{'a': 0.3, 'e': 0.2049999999999994}",25,15,19.49345190873559,"{0: 10, 1: 0, 2: 0, 3: 0, 4: 0}",1
696,False,"{'a': 0.3, 'e': 0.2039999999999994}",20,14,-9.722600805129773,"{0: 4, 1: 0, 2: 2, 3: 0, 4: 0}",1
697,False,"{'a': 0.3, 'e': 0.2029999999999994}",30,4,17.167636970717716,"{0: 24, 1: 1, 2: 0, 3: 1, 4: 0}",1
698,False,"{'a': 0.3, 'e': 0.2019999999999994}",25,0,17.408344192169025,"{0: 24, 1: 0, 2: 0, 3: 1, 4: 0}",0
699,False,"{'a': 0.3, 'e': 0.2009999999999994}",25,17,2.3447362143329653,"{0: 7, 1: 0, 2: 1, 3: 0, 4: 0}",1
700,False,"{'a': 0.3, 'e': 0.1999999999999994}",35,21,19.341551334432133,"{0: 13, 1: 1, 2: 0, 3: 0, 4: 0}",1
701,False,"{'a': 0.3, 'e': 0.1989999999999994}",20,12,1.1267343516583026,"{0: 6, 1: 1, 2: 1, 3: 0, 4: 0}",1
702,False,"{'a': 0.3, 'e': 0.1979999999999994}",30,15,-2.3245930830653982,"{0: 13, 1: 1, 2: 0, 3: 1, 4: 0}",1
703,False,"{'a': 0.3, 'e': 0.1969999999999994}",25,16,-14.665908284054126,"{0: 7, 1: 0, 2: 1, 3: 1, 4: 0}",1
704,False,"{'a': 0.3, 'e': 0.1959999999999994}",20,3,2.341034473187075,"{0: 15, 1: 0, 2: 2, 3: 0, 4: 0}",1
705,False,"{'a': 0.3, 'e': 0.1949999999999994}",20,9,-21.574585160193642,"{0: 9, 1: 0, 2: 0, 3: 2, 4: 0}",1
706,False,"{'a': 0.3, 'e': 0.1939999999999994}",20,15,12.083855467958788,"{0: 5, 1: 0, 2: 0, 3: 0, 4: 0}",1
707,False,"{'a': 0.3, 'e': 0.1929999999999994}",20,9,-1.4333272287032504,"{0: 9, 1: 1, 2: 1, 3: 0, 4: 0}",1
708,False,"{'a': 0.3, 'e': 0.1919999999999994}",20,10,-18.619930953518995,"{0: 7, 1: 0, 2: 3, 3: 0, 4: 0}",1
709,False,"{'a': 0.3, 'e': 0.1909999999999994}",25,17,16.169377483985446,"{0: 8, 1: 0, 2: 0, 3: 0, 4: 0}",1
710,False,"{'a': 0.3, 'e': 0.1899999999999994}",20,6,8.19371954166625,"{0: 13, 1: 0, 2: 1, 3: 0, 4: 0}",1
711,False,"{'a': 0.3, 'e': 0.1889999999999994}",35,17,1.4558076858993545,"{0: 15, 1: 1, 2: 2, 3: 0, 4: 0}",1
712,False,"{'a': 0.3, 'e': 0.1879999999999994}",30,18,-14.821308770879003,"{0: 11, 1: 0, 2: 0, 3: 0, 4: 1}",1
713,False,"{'a': 0.3, 'e': 0.1869999999999994}",20,8,-2.8969131852123278,"{0: 10, 1: 0, 2: 2, 3: 0, 4: 0}",1
714,False,"{'a': 0.3, 'e': 0.1859999999999994}",20,10,-38.641315041864296,"{0: 7, 1: 2, 2: 0, 3: 0, 4: 1}",1
715,False,"{'a': 0.3, 'e': 0.1849999999999994}",20,14,12.434222057511356,"{0: 6, 1: 0, 2: 0, 3: 0, 4: 0}",1
716,False,"{'a': 0.3, 'e': 0.1839999999999994}",30,19,24.09189698734193,"{0: 11, 1: 0, 2: 0, 3: 0, 4: 0}",1
717,False,"{'a': 0.3, 'e': 0.18299999999999939}",20,7,20.855596394889616,"{0: 13, 1: 0, 2: 0, 3: 0, 4: 0}",1
718,False,"{'a': 0.3, 'e': 0.18199999999999938}",30,12,32.639815944511994,"{0: 18, 1: 0, 2: 0, 3: 0, 4: 0}",1
719,False,"{'a': 0.3, 'e': 0.18099999999999938}",20,8,23.28704030447443,"{0: 12, 1: 0, 2: 0, 3: 0, 4: 0}",1
720,False,"{'a': 0.3, 'e': 0.17999999999999938}",20,0,-71.14745673955339,"{0: 16, 1: 1, 2: 1, 3: 0, 4: 2}",0
721,False,"{'a': 0.3, 'e': 0.17899999999999938}",20,13,13.640875521287885,"{0: 7, 1: 0, 2: 0, 3: 0, 4: 0}",1
722,False,"{'a': 0.3, 'e': 0.17799999999999938}",20,13,14.322121274399283,"{0: 7, 1: 0, 2: 0, 3: 0, 4: 0}",1
723,False,"{'a': 0.3, 'e': 0.17699999999999938}",20,15,9.04802724880078,"{0: 5, 1: 0, 2: 0, 3: 0, 4: 0}",1
724,False,"{'a': 0.3, 'e': 0.17599999999999938}",30,18,9.454501904437894,"{0: 11, 1: 0, 2: 1, 3: 0, 4: 0}",1
725,False,"{'a': 0.3, 'e': 0.17499999999999938}",25,15,10.09491153943271,"{0: 9, 1: 1, 2: 0, 3: 0, 4: 0}",1
726,False,"{'a': 0.3, 'e': 0.17399999999999938}",30,16,27.82426132740102,"{0: 14, 1: 0, 2: 0, 3: 0, 4: 0}",1
727,False,"{'a': 0.3, 'e': 0.17299999999999938}",20,12,5.594385947281982,"{0: 7, 1: 1, 2: 0, 3: 0, 4: 0}",1
728,False,"{'a': 0.3, 'e': 0.17199999999999938}",25,16,16.539764807137203,"{0: 9, 1: 0, 2: 0, 3: 0, 4: 0}",1
729,False,"{'a': 0.3, 'e': 0.17099999999999937}",20,11,5.659891539702929,"{0: 8, 1: 0, 2: 1, 3: 0, 4: 0}",1
730,False,"{'a': 0.3, 'e': 0.16999999999999937}",25,14,9.12280056606844,"{0: 10, 1: 0, 2: 1, 3: 0, 4: 0}",1
731,False,"{'a': 0.3, 'e': 0.16899999999999937}",25,13,18.685830416570386,"{0: 12, 1: 0, 2: 0, 3: 0, 4: 0}",1
732,False,"{'a': 0.3, 'e': 0.16799999999999937}",30,16,1.3526831090084852,"{0: 12, 1: 0, 2: 2, 3: 0, 4: 0}",1
733,False,"{'a': 0.3, 'e': 0.16699999999999937}",20,2,24.12997119949849,"{0: 17, 1: 1, 2: 0, 3: 0, 4: 0}",1
734,False,"{'a': 0.3, 'e': 0.16599999999999937}",20,7,25.85133775763521,"{0: 13, 1: 0, 2: 0, 3: 0, 4: 0}",1
735,False,"{'a': 0.3, 'e': 0.16499999999999937}",25,10,1.8950565573406726,"{0: 13, 1: 0, 2: 2, 3: 0, 4: 0}",1
736,False,"{'a': 0.3, 'e': 0.16399999999999937}",20,6,15.985399978989813,"{0: 13, 1: 0, 2: 1, 3: 0, 4: 0}",1
737,False,"{'a': 0.3, 'e': 0.16299999999999937}",20,0,22.081461171689483,"{0: 19, 1: 0, 2: 1, 3: 0, 4: 0}",0
738,False,"{'a': 0.3, 'e': 0.16199999999999937}",20,0,-33.1075732123935,"{0: 17, 1: 1, 2: 0, 3: 1, 4: 1}",1
739,False,"{'a': 0.3, 'e': 0.16099999999999937}",20,15,9.433231848631952,"{0: 5, 1: 0, 2: 0, 3: 0, 4: 0}",1
740,False,"{'a': 0.3, 'e': 0.15999999999999936}",20,6,25.20366664611834,"{0: 14, 1: 0, 2: 0, 3: 0, 4: 0}",1
741,False,"{'a': 0.3, 'e': 0.15899999999999936}",25,17,-4.318729029092715,"{0: 7, 1: 0, 2: 0, 3: 1, 4: 0}",1
742,False,"{'a': 0.3, 'e': 0.15799999999999936}",30,13,11.81784933941972,"{0: 15, 1: 0, 2: 2, 3: 0, 4: 0}",1
743,False,"{'a': 0.3, 'e': 0.15699999999999936}",30,9,32.41646638350894,"{0: 21, 1: 0, 2: 0, 3: 0, 4: 0}",1
744,False,"{'a': 0.3, 'e': 0.15599999999999936}",25,13,0.3349380924516039,"{0: 11, 1: 0, 2: 0, 3: 1, 4: 0}",1
745,False,"{'a': 0.3, 'e': 0.15499999999999936}",35,18,-21.281577791428024,"{0: 14, 1: 0, 2: 1, 3: 2, 4: 0}",1
746,False,"{'a': 0.3, 'e': 0.15399999999999936}",25,13,23.879302723363807,"{0: 12, 1: 0, 2: 0, 3: 0, 4: 0}",1
747,False,"{'a': 0.3, 'e': 0.15299999999999936}",20,8,-22.913514052814374,"{0: 11, 1: 0, 2: 0, 3: 0, 4: 1}",1
748,False,"{'a': 0.3, 'e': 0.15199999999999936}",20,6,27.30748190508509,"{0: 14, 1: 0, 2: 0, 3: 0, 4: 0}",1
749,False,"{'a': 0.3, 'e': 0.15099999999999936}",20,4,-8.398233226893252,"{0: 14, 1: 0, 2: 1, 3: 1, 4: 0}",1
750,False,"{'a': 0.3, 'e': 0.14999999999999936}",20,0,6.974961014750776,"{0: 18, 1: 0, 2: 2, 3: 0, 4: 0}",0
751,False,"{'a': 0.3, 'e': 0.14899999999999936}",20,5,27.58102035611951,"{0: 15, 1: 0, 2: 0, 3: 0, 4: 0}",1
752,False,"{'a': 0.3, 'e': 0.14799999999999935}",20,10,21.175273739003543,"{0: 10, 1: 0, 2: 0, 3: 0, 4: 0}",1
753,False,"{'a': 0.3, 'e': 0.14699999999999935}",20,6,25.01831291868374,"{0: 14, 1: 0, 2: 0, 3: 0, 4: 0}",1
754,False,"{'a': 0.3, 'e': 0.14599999999999935}",20,0,23.089173581321344,"{0: 19, 1: 0, 2: 1, 3: 0, 4: 0}",0
755,False,"{'a': 0.3, 'e': 0.14499999999999935}",25,16,15.677139232237474,"{0: 9, 1: 0, 2: 0, 3: 0, 4: 0}",1
756,False,"{'a': 0.3, 'e': 0.14399999999999935}",30,16,16.468637186643594,"{0: 13, 1: 0, 2: 1, 3: 0, 4: 0}",1
757,False,"{'a': 0.3, 'e': 0.14299999999999935}",20,12,18.762802609485867,"{0: 8, 1: 0, 2: 0, 3: 0, 4: 0}",1
758,False,"{'a': 0.3, 'e': 0.14199999999999935}",25,5,13.72248704921216,"{0: 18, 1: 1, 2: 1, 3: 0, 4: 0}",1
759,False,"{'a': 0.3, 'e': 0.14099999999999935}",20,6,26.660240837623252,"{0: 14, 1: 0, 2: 0, 3: 0, 4: 0}",1
760,False,"{'a': 0.3, 'e': 0.13999999999999935}",25,10,3.808662482302746,"{0: 13, 1: 0, 2: 2, 3: 0, 4: 0}",1
761,False,"{'a': 0.3, 'e': 0.13899999999999935}",20,12,7.255257773721157,"{0: 7, 1: 1, 2: 0, 3: 0, 4: 0}",1
762,False,"{'a': 0.3, 'e': 0.13799999999999935}",20,10,19.451073622422264,"{0: 10, 1: 0, 2: 0, 3: 0, 4: 0}",1
763,False,"{'a': 0.3, 'e': 0.13699999999999934}",30,24,10.984721986349076,"{0: 6, 1: 0, 2: 0, 3: 0, 4: 0}",1
764,False,"{'a': 0.3, 'e': 0.13599999999999934}",25,12,-19.839209022992033,"{0: 12, 1: 0, 2: 0, 3: 0, 4: 1}",1
765,False,"{'a': 0.3, 'e': 0.13499999999999934}",30,9,-0.68901052100125,"{0: 19, 1: 0, 2: 1, 3: 1, 4: 0}",1
766,False,"{'a': 0.3, 'e': 0.13399999999999934}",20,13,-2.694232579431065,"{0: 5, 1: 1, 2: 1, 3: 0, 4: 0}",1
767,False,"{'a': 0.3, 'e': 0.13299999999999934}",30,16,-15.681679715851867,"{0: 13, 1: 0, 2: 0, 3: 0, 4: 1}",1
768,False,"{'a': 0.3, 'e': 0.13199999999999934}",20,5,-28.321779480323848,"{0: 13, 1: 0, 2: 1, 3: 0, 4: 1}",1
769,False,"{'a': 0.3, 'e': 0.13099999999999934}",25,5,35.71324659662502,"{0: 20, 1: 0, 2: 0, 3: 0, 4: 0}",1
770,False,"{'a': 0.3, 'e': 0.12999999999999934}",30,24,11.868087175576523,"{0: 6, 1: 0, 2: 0, 3: 0, 4: 0}",1
771,False,"{'a': 0.3, 'e': 0.12899999999999934}",25,15,-2.4250827625090214,"{0: 9, 1: 0, 2: 0, 3: 1, 4: 0}",1
772,False,"{'a': 0.3, 'e': 0.12799999999999934}",25,20,10.296548632170682,"{0: 5, 1: 0, 2: 0, 3: 0, 4: 0}",1
773,False,"{'a': 0.3, 'e': 0.12699999999999934}",30,12,27.861719634607013,"{0: 18, 1: 0, 2: 0, 3: 0, 4: 0}",1
774,False,"{'a': 0.3, 'e': 0.12599999999999933}",25,13,-19.113178101642866,"{0: 11, 1: 0, 2: 0, 3: 0, 4: 1}",1
775,False,"{'a': 0.3, 'e': 0.12499999999999933}",30,18,21.36364158605258,"{0: 12, 1: 0, 2: 0, 3: 0, 4: 0}",1
776,False,"{'a': 0.3, 'e': 0.12399999999999933}",20,9,4.865295459625594,"{0: 9, 1: 2, 2: 0, 3: 0, 4: 0}",1
777,False,"{'a': 0.3, 'e': 0.12299999999999933}",20,2,33.93584436409178,"{0: 18, 1: 0, 2: 0, 3: 0, 4: 0}",1
778,False,"{'a': 0.3, 'e': 0.12199999999999933}",30,9,30.48722023281191,"{0: 20, 1: 0, 2: 1, 3: 0, 4: 0}",1
779,False,"{'a': 0.3, 'e': 0.12099999999999933}",25,14,20.062768929812655,"{0: 11, 1: 0, 2: 0, 3: 0, 4: 0}",1
780,False,"{'a': 0.3, 'e': 0.11999999999999933}",20,12,15.168631620112183,"{0: 8, 1: 0, 2: 0, 3: 0, 4: 0}",1
781,False,"{'a': 0.3, 'e': 0.11899999999999933}",20,14,10.977995185069084,"{0: 6, 1: 0, 2: 0, 3: 0, 4: 0}",1
782,False,"{'a': 0.3, 'e': 0.11799999999999933}",25,5,33.73112057779936,"{0: 20, 1: 0, 2: 0, 3: 0, 4: 0}",1
783,False,"{'a': 0.3, 'e': 0.11699999999999933}",20,16,9.971895794460185,"{0: 4, 1: 0, 2: 0, 3: 0, 4: 0}",1
784,False,"{'a': 0.3, 'e': 0.11599999999999933}",20,2,18.33352339355855,"{0: 17, 1: 0, 2: 1, 3: 0, 4: 0}",1
785,False,"{'a': 0.3, 'e': 0.11499999999999932}",20,12,13.271745571643027,"{0: 8, 1: 0, 2: 0, 3: 0, 4: 0}",1
786,False,"{'a': 0.3, 'e': 0.11399999999999932}",25,8,-14.801708754227462,"{0: 16, 1: 0, 2: 0, 3: 0, 4: 1}",1
787,False,"{'a': 0.3, 'e': 0.11299999999999932}",25,5,-20.881185759380287,"{0: 18, 1: 0, 2: 1, 3: 0, 4: 1}",1
788,False,"{'a': 0.3, 'e': 0.11199999999999932}",25,11,8.514150225409457,"{0: 13, 1: 0, 2: 1, 3: 0, 4: 0}",1
789,False,"{'a': 0.3, 'e': 0.11099999999999932}",25,13,20.216320875062333,"{0: 12, 1: 0, 2: 0, 3: 0, 4: 0}",1
790,False,"{'a': 0.3, 'e': 0.10999999999999932}",30,0,36.78910295400331,"{0: 29, 1: 0, 2: 1, 3: 0, 4: 0}",0
791,False,"{'a': 0.3, 'e': 0.10899999999999932}",35,22,27.280291315532924,"{0: 13, 1: 0, 2: 0, 3: 0, 4: 0}",1
792,False,"{'a': 0.3, 'e': 0.10799999999999932}",20,6,18.186331511132256,"{0: 14, 1: 0, 2: 0, 3: 0, 4: 0}",1
793,False,"{'a': 0.3, 'e': 0.10699999999999932}",20,0,14.084326370011642,"{0: 19, 1: 0, 2: 1, 3: 0, 4: 0}",1
794,False,"{'a': 0.3, 'e': 0.10599999999999932}",20,8,20.624564076860946,"{0: 12, 1: 0, 2: 0, 3: 0, 4: 0}",1
795,False,"{'a': 0.3, 'e': 0.10499999999999932}",30,14,5.879246327168614,"{0: 14, 1: 0, 2: 2, 3: 0, 4: 0}",1
796,False,"{'a': 0.3, 'e': 0.10399999999999932}",25,13,19.80980337742097,"{0: 12, 1: 0, 2: 0, 3: 0, 4: 0}",1
797,False,"{'a': 0.3, 'e': 0.10299999999999931}",35,14,25.576304295168814,"{0: 20, 1: 0, 2: 1, 3: 0, 4: 0}",1
798,False,"{'a': 0.3, 'e': 0.10199999999999931}",30,14,20.22273559748359,"{0: 15, 1: 0, 2: 1, 3: 0, 4: 0}",1
799,False,"{'a': 0.3, 'e': 0.10099999999999931}",20,10,18.171460424432002,"{0: 10, 1: 0, 2: 0, 3: 0, 4: 0}",1
800,False,"{'a': 0.3, 'e': 0.09999999999999931}",20,14,9.887720730485606,"{0: 6, 1: 0, 2: 0, 3: 0, 4: 0}",1
801,False,"{'a': 0.3, 'e': 0.09899999999999931}",20,12,12.253734151470631,"{0: 8, 1: 0, 2: 0, 3: 0, 4: 0}",1
802,False,"{'a': 0.3, 'e': 0.09799999999999931}",20,9,22.289852068766024,"{0: 11, 1: 0, 2: 0, 3: 0, 4: 0}",1
803,False,"{'a': 0.3, 'e': 0.09699999999999931}",25,16,-1.7650855594183597,"{0: 8, 1: 0, 2: 0, 3: 1, 4: 0}",1
804,False,"{'a': 0.3, 'e': 0.09599999999999931}",20,6,16.3595264571006,"{0: 13, 1: 0, 2: 1, 3: 0, 4: 0}",1
805,False,"{'a': 0.3, 'e': 0.09499999999999931}",30,17,12.62177784742284,"{0: 12, 1: 0, 2: 1, 3: 0, 4: 0}",1
806,False,"{'a': 0.3, 'e': 0.0939999999999993}",30,20,12.99302029227792,"{0: 9, 1: 1, 2: 0, 3: 0, 4: 0}",1
807,False,"{'a': 0.3, 'e': 0.0929999999999993}",25,15,19.145784076001156,"{0: 10, 1: 0, 2: 0, 3: 0, 4: 0}",1
808,False,"{'a': 0.3, 'e': 0.0919999999999993}",20,11,18.412216148081512,"{0: 9, 1: 0, 2: 0, 3: 0, 4: 0}",1
809,False,"{'a': 0.3, 'e': 0.0909999999999993}",25,15,20.285751863059545,"{0: 10, 1: 0, 2: 0, 3: 0, 4: 0}",1
810,False,"{'a': 0.3, 'e': 0.0899999999999993}",25,14,22.419456644759542,"{0: 11, 1: 0, 2: 0, 3: 0, 4: 0}",1
811,False,"{'a': 0.3, 'e': 0.0889999999999993}",25,17,15.753372486592259,"{0: 8, 1: 0, 2: 0, 3: 0, 4: 0}",1
812,False,"{'a': 0.3, 'e': 0.0879999999999993}",20,15,9.167420107025634,"{0: 5, 1: 0, 2: 0, 3: 0, 4: 0}",1
813,False,"{'a': 0.3, 'e': 0.0869999999999993}",20,9,20.302870738130913,"{0: 11, 1: 0, 2: 0, 3: 0, 4: 0}",1
814,False,"{'a': 0.3, 'e': 0.0859999999999993}",20,0,28.037321903122894,"{0: 19, 1: 1, 2: 0, 3: 0, 4: 0}",1
815,False,"{'a': 0.3, 'e': 0.0849999999999993}",20,10,20.431155395449217,"{0: 10, 1: 0, 2: 0, 3: 0, 4: 0}",1
816,False,"{'a': 0.3, 'e': 0.0839999999999993}",25,15,20.887121827505176,"{0: 10, 1: 0, 2: 0, 3: 0, 4: 0}",1
817,False,"{'a': 0.3, 'e': 0.0829999999999993}",25,14,19.62339079603595,"{0: 11, 1: 0, 2: 0, 3: 0, 4: 0}",1
818,False,"{'a': 0.3, 'e': 0.0819999999999993}",20,12,4.094849894316546,"{0: 7, 1: 0, 2: 1, 3: 0, 4: 0}",1
819,False,"{'a': 0.3, 'e': 0.0809999999999993}",25,3,39.83916116641225,"{0: 22, 1: 0, 2: 0, 3: 0, 4: 0}",1
820,False,"{'a': 0.3, 'e': 0.0799999999999993}",20,10,17.76517623286292,"{0: 10, 1: 0, 2: 0, 3: 0, 4: 0}",1
821,False,"{'a': 0.3, 'e': 0.07899999999999929}",20,15,9.733818369872358,"{0: 5, 1: 0, 2: 0, 3: 0, 4: 0}",1
822,False,"{'a': 0.3, 'e': 0.07799999999999929}",20,3,23.258614479694494,"{0: 17, 1: 0, 2: 0, 3: 0, 4: 0}",1
823,False,"{'a': 0.3, 'e': 0.07699999999999929}",25,19,12.952759466115051,"{0: 6, 1: 0, 2: 0, 3: 0, 4: 0}",1
824,False,"{'a': 0.3, 'e': 0.07599999999999929}",35,17,35.168484210301315,"{0: 18, 1: 0, 2: 0, 3: 0, 4: 0}",1
825,False,"{'a': 0.3, 'e': 0.07499999999999929}",20,13,15.890550696364784,"{0: 7, 1: 0, 2: 0, 3: 0, 4: 0}",1
826,False,"{'a': 0.3, 'e': 0.07399999999999929}",25,5,-10.223748737627544,"{0: 19, 1: 0, 2: 0, 3: 0, 4: 1}",1
827,False,"{'a': 0.3, 'e': 0.07299999999999929}",25,16,17.533118765709684,"{0: 9, 1: 0, 2: 0, 3: 0, 4: 0}",1
828,False,"{'a': 0.3, 'e': 0.07199999999999929}",20,12,14.75126512653431,"{0: 8, 1: 0, 2: 0, 3: 0, 4: 0}",1
829,False,"{'a': 0.3, 'e': 0.07099999999999929}",25,11,18.27352019153207,"{0: 13, 1: 1, 2: 0, 3: 0, 4: 0}",1
830,False,"{'a': 0.3, 'e': 0.06999999999999929}",20,14,11.117054310940086,"{0: 6, 1: 0, 2: 0, 3: 0, 4: 0}",1
831,False,"{'a': 0.3, 'e': 0.06899999999999928}",20,14,9.883857575601798,"{0: 6, 1: 0, 2: 0, 3: 0, 4: 0}",1
832,False,"{'a': 0.3, 'e': 0.06799999999999928}",20,7,23.574482918221094,"{0: 13, 1: 0, 2: 0, 3: 0, 4: 0}",1
833,False,"{'a': 0.3, 'e': 0.06699999999999928}",30,16,25.83710672426997,"{0: 14, 1: 0, 2: 0, 3: 0, 4: 0}",1
834,False,"{'a': 0.3, 'e': 0.06599999999999928}",30,17,19.07481503415754,"{0: 12, 1: 1, 2: 0, 3: 0, 4: 0}",1
835,False,"{'a': 0.3, 'e': 0.06499999999999928}",20,13,10.561770392943291,"{0: 7, 1: 0, 2: 0, 3: 0, 4: 0}",1
836,False,"{'a': 0.3, 'e': 0.06399999999999928}",30,18,23.852012974658713,"{0: 12, 1: 0, 2: 0, 3: 0, 4: 0}",1
837,False,"{'a': 0.3, 'e': 0.06299999999999928}",25,12,10.24124453103415,"{0: 12, 1: 0, 2: 1, 3: 0, 4: 0}",1
838,False,"{'a': 0.3, 'e': 0.06199999999999928}",20,16,8.185547039211684,"{0: 4, 1: 0, 2: 0, 3: 0, 4: 0}",1
839,False,"{'a': 0.3, 'e': 0.06099999999999928}",20,10,18.903982313493763,"{0: 10, 1: 0, 2: 0, 3: 0, 4: 0}",1
840,False,"{'a': 0.3, 'e': 0.059999999999999276}",20,12,5.719168116089784,"{0: 7, 1: 0, 2: 1, 3: 0, 4: 0}",1
841,False,"{'a': 0.3, 'e': 0.058999999999999275}",20,6,23.765303834432668,"{0: 14, 1: 0, 2: 0, 3: 0, 4: 0}",1
842,False,"{'a': 0.3, 'e': 0.057999999999999274}",25,8,16.687328268705322,"{0: 16, 1: 0, 2: 1, 3: 0, 4: 0}",1
843,False,"{'a': 0.3, 'e': 0.056999999999999273}",30,14,30.56536705947766,"{0: 16, 1: 0, 2: 0, 3: 0, 4: 0}",1
844,False,"{'a': 0.3, 'e': 0.05599999999999927}",20,12,15.277732131392858,"{0: 8, 1: 0, 2: 0, 3: 0, 4: 0}",1
845,False,"{'a': 0.3, 'e': 0.05499999999999927}",20,9,8.425907889465858,"{0: 10, 1: 0, 2: 1, 3: 0, 4: 0}",1
846,False,"{'a': 0.3, 'e': 0.05399999999999927}",30,12,34.214679817900254,"{0: 18, 1: 0, 2: 0, 3: 0, 4: 0}",1
847,False,"{'a': 0.3, 'e': 0.05299999999999927}",25,15,19.988354556742273,"{0: 10, 1: 0, 2: 0, 3: 0, 4: 0}",1
848,False,"{'a': 0.3, 'e': 0.05199999999999927}",25,0,-1.5676190697442582,"{0: 24, 1: 0, 2: 0, 3: 0, 4: 1}",0
849,False,"{'a': 0.3, 'e': 0.05099999999999927}",20,10,19.935640655362292,"{0: 10, 1: 0, 2: 0, 3: 0, 4: 0}",1
850,False,"{'a': 0.3, 'e': 0.04999999999999927}",20,11,15.438876270880804,"{0: 9, 1: 0, 2: 0, 3: 0, 4: 0}",1
851,False,"{'a': 0.3, 'e': 0.048999999999999266}",30,16,25.567984997817405,"{0: 14, 1: 0, 2: 0, 3: 0, 4: 0}",1
852,False,"{'a': 0.3, 'e': 0.047999999999999265}",30,19,19.13779480555056,"{0: 11, 1: 0, 2: 0, 3: 0, 4: 0}",1
853,False,"{'a': 0.3, 'e': 0.046999999999999265}",25,14,13.086904704934366,"{0: 10, 1: 1, 2: 0, 3: 0, 4: 0}",1
854,False,"{'a': 0.3, 'e': 0.045999999999999264}",25,7,30.695574001025697,"{0: 18, 1: 0, 2: 0, 3: 0, 4: 0}",1
855,False,"{'a': 0.3, 'e': 0.04499999999999926}",25,13,26.704306961952142,"{0: 12, 1: 0, 2: 0, 3: 0, 4: 0}",1
856,False,"{'a': 0.3, 'e': 0.04399999999999926}",20,7,23.428890091217955,"{0: 13, 1: 0, 2: 0, 3: 0, 4: 0}",1
857,False,"{'a': 0.3, 'e': 0.04299999999999926}",20,14,5.132795242841488,"{0: 5, 1: 1, 2: 0, 3: 0, 4: 0}",1
858,False,"{'a': 0.3, 'e': 0.04199999999999926}",35,15,32.054222173219294,"{0: 20, 1: 0, 2: 0, 3: 0, 4: 0}",1
859,False,"{'a': 0.3, 'e': 0.04099999999999926}",20,4,3.4068610089158917,"{0: 15, 1: 0, 2: 0, 3: 1, 4: 0}",1
860,False,"{'a': 0.3, 'e': 0.03999999999999926}",20,14,11.581138536101564,"{0: 6, 1: 0, 2: 0, 3: 0, 4: 0}",1
861,False,"{'a': 0.3, 'e': 0.03899999999999926}",35,23,23.244741884366587,"{0: 12, 1: 0, 2: 0, 3: 0, 4: 0}",1
862,False,"{'a': 0.3, 'e': 0.03799999999999926}",20,9,19.445395059991107,"{0: 11, 1: 0, 2: 0, 3: 0, 4: 0}",1
863,False,"{'a': 0.3, 'e': 0.036999999999999256}",25,16,17.99308173404385,"{0: 9, 1: 0, 2: 0, 3: 0, 4: 0}",1
864,False,"{'a': 0.3, 'e': 0.035999999999999255}",25,9,25.845748540471366,"{0: 16, 1: 0, 2: 0, 3: 0, 4: 0}",1
865,False,"{'a': 0.3, 'e': 0.034999999999999254}",20,6,21.926268155723356,"{0: 14, 1: 0, 2: 0, 3: 0, 4: 0}",1
866,False,"{'a': 0.3, 'e': 0.03399999999999925}",20,10,16.322346757263357,"{0: 10, 1: 0, 2: 0, 3: 0, 4: 0}",1
867,False,"{'a': 0.3, 'e': 0.03299999999999925}",25,12,21.529431711569593,"{0: 13, 1: 0, 2: 0, 3: 0, 4: 0}",1
868,False,"{'a': 0.3, 'e': 0.03199999999999925}",20,14,12.131966476102757,"{0: 6, 1: 0, 2: 0, 3: 0, 4: 0}",1
869,False,"{'a': 0.3, 'e': 0.03099999999999925}",25,1,42.102593184325144,"{0: 24, 1: 0, 2: 0, 3: 0, 4: 0}",1
870,False,"{'a': 0.3, 'e': 0.02999999999999925}",20,6,-7.136564566413208,"{0: 12, 1: 0, 2: 1, 3: 1, 4: 0}",1
871,False,"{'a': 0.3, 'e': 0.02899999999999925}",20,15,8.232731698412913,"{0: 5, 1: 0, 2: 0, 3: 0, 4: 0}",1
872,False,"{'a': 0.3, 'e': 0.027999999999999248}",25,8,30.894471261796994,"{0: 17, 1: 0, 2: 0, 3: 0, 4: 0}",1
873,False,"{'a': 0.3, 'e': 0.026999999999999247}",30,21,18.84033275787563,"{0: 9, 1: 0, 2: 0, 3: 0, 4: 0}",1
874,False,"{'a': 0.3, 'e': 0.025999999999999246}",20,16,8.583150206521804,"{0: 4, 1: 0, 2: 0, 3: 0, 4: 0}",1
875,False,"{'a': 0.3, 'e': 0.024999999999999245}",25,15,4.997766493258618,"{0: 9, 1: 0, 2: 1, 3: 0, 4: 0}",1
876,False,"{'a': 0.3, 'e': 0.023999999999999244}",20,12,18.496056495978436,"{0: 8, 1: 0, 2: 0, 3: 0, 4: 0}",1
877,False,"{'a': 0.3, 'e': 0.022999999999999243}",20,8,24.16243662419486,"{0: 12, 1: 0, 2: 0, 3: 0, 4: 0}",1
878,False,"{'a': 0.3, 'e': 0.021999999999999242}",25,0,36.30023000586587,"{0: 25, 1: 0, 2: 0, 3: 0, 4: 0}",0
879,False,"{'a': 0.3, 'e': 0.02099999999999924}",20,12,20.15673125870965,"{0: 8, 1: 0, 2: 0, 3: 0, 4: 0}",1
880,False,"{'a': 0.3, 'e': 0.01999999999999924}",25,16,20.378030776611137,"{0: 9, 1: 0, 2: 0, 3: 0, 4: 0}",1
881,False,"{'a': 0.3, 'e': 0.01899999999999924}",25,18,16.53465821997751,"{0: 7, 1: 0, 2: 0, 3: 0, 4: 0}",1
882,False,"{'a': 0.3, 'e': 0.01799999999999924}",20,6,27.18448755665412,"{0: 14, 1: 0, 2: 0, 3: 0, 4: 0}",1
883,False,"{'a': 0.3, 'e': 0.016999999999999238}",20,3,31.37007788701634,"{0: 17, 1: 0, 2: 0, 3: 0, 4: 0}",1
884,False,"{'a': 0.3, 'e': 0.015999999999999237}",20,10,19.396429868177865,"{0: 10, 1: 0, 2: 0, 3: 0, 4: 0}",1
885,False,"{'a': 0.3, 'e': 0.014999999999999236}",20,5,25.053207676317903,"{0: 15, 1: 0, 2: 0, 3: 0, 4: 0}",1
886,False,"{'a': 0.3, 'e': 0.013999999999999235}",25,13,24.81802989294696,"{0: 12, 1: 0, 2: 0, 3: 0, 4: 0}",1
887,False,"{'a': 0.3, 'e': 0.012999999999999234}",20,0,28.794801920546394,"{0: 20, 1: 0, 2: 0, 3: 0, 4: 0}",1
888,False,"{'a': 0.3, 'e': 0.011999999999999234}",25,8,28.043979015678744,"{0: 17, 1: 0, 2: 0, 3: 0, 4: 0}",1
889,False,"{'a': 0.3, 'e': 0.010999999999999233}",20,16,9.440670750008062,"{0: 4, 1: 0, 2: 0, 3: 0, 4: 0}",1
890,False,"{'a': 0.3, 'e': 0.009999999999999232}",30,18,23.048711455302577,"{0: 12, 1: 0, 2: 0, 3: 0, 4: 0}",1
891,False,"{'a': 0.3, 'e': 0.00899999999999923}",20,15,8.181018680191094,"{0: 5, 1: 0, 2: 0, 3: 0, 4: 0}",1
892,False,"{'a': 0.3, 'e': 0.00799999999999923}",30,17,26.38361566017032,"{0: 13, 1: 0, 2: 0, 3: 0, 4: 0}",1
893,False,"{'a': 0.3, 'e': 0.00699999999999923}",20,12,16.23527213462561,"{0: 8, 1: 0, 2: 0, 3: 0, 4: 0}",1
894,False,"{'a': 0.3, 'e': 0.00599999999999923}",20,10,15.828313493994589,"{0: 10, 1: 0, 2: 0, 3: 0, 4: 0}",1
895,False,"{'a': 0.3, 'e': 0.00499999999999923}",30,16,28.980946847142086,"{0: 14, 1: 0, 2: 0, 3: 0, 4: 0}",1
1,True,"{'a': 0, 'e': 0}",25,14,22.049871009115854,"{0: 11, 1: 0, 2: 0, 3: 0, 4: 0}",1
2,True,"{'a': 0, 'e': 0}",25,5,29.334588854927258,"{0: 20, 1: 0, 2: 0, 3: 0, 4: 0}",1
3,True,"{'a': 0, 'e': 0}",20,15,9.044509176941517,"{0: 5, 1: 0, 2: 0, 3: 0, 4: 0}",1
4,True,"{'a': 0, 'e': 0}",20,0,34.61703738312723,"{0: 20, 1: 0, 2: 0, 3: 0, 4: 0}",0
5,True,"{'a': 0, 'e': 0}",25,15,21.373835915037926,"{0: 10, 1: 0, 2: 0, 3: 0, 4: 0}",1
6,True,"{'a': 0, 'e': 0}",20,7,22.18532199119214,"{0: 13, 1: 0, 2: 0, 3: 0, 4: 0}",1
7,True,"{'a': 0, 'e': 0}",20,13,9.92645216941919,"{0: 7, 1: 0, 2: 0, 3: 0, 4: 0}",1
8,True,"{'a': 0, 'e': 0}",20,14,9.631730685880202,"{0: 6, 1: 0, 2: 0, 3: 0, 4: 0}",1
9,True,"{'a': 0, 'e': 0}",30,6,34.88813981297649,"{0: 24, 1: 0, 2: 0, 3: 0, 4: 0}",1
10,True,"{'a': 0, 'e': 0}",20,14,12.794681645793556,"{0: 6, 1: 0, 2: 0, 3: 0, 4: 0}",1
